split_point_s,num_samples,correct_fp32,correct_int8_fp16,accuracy_fp32_percent,accuracy_int8_fp16_percent,accuracy_drop_pp,accuracy_drop_relative_percent,prediction_disagreements,fp32_split_max_abs_error,serialized_q_scale_sha256,status
0,8544,8393,8391,98.23267790262172,98.20926966292134,0.0234082397003732,0.023829381627546765,10,0.0,9dcb799a8d156a23b209fcb755798c278436d24c1255593cdf9f0417d7150927,PASS
1,8544,8393,8390,98.23267790262172,98.19756554307116,0.035112359550552696,0.03574407244132015,5,0.0,4c0b77f4815879c207ab5c87ebfdc30bb9630dbae7008402d90af26247792e3a,PASS
2,8544,8393,8391,98.23267790262172,98.20926966292134,0.0234082397003732,0.023829381627546765,6,0.0,1f8646d5a0dd34176a2bd2e787189e75e08de56d578b4fcf60502065e4110d49,PASS
3,8544,8393,8392,98.23267790262172,98.22097378277154,0.011704119850179495,0.011914690813773382,3,0.0,bb97c37ae49991e63cb48de48214a6e06efd79b0f0c643d07bf08a68101705b8,PASS
4,8544,8393,8393,98.23267790262172,98.23267790262172,0.0,0.0,4,0.0,e8d9d566004400158e656c8c7aedd93735b87b267167d7f2e0f82e475f091955,PASS
5,8544,8393,8395,98.23267790262172,98.2560861423221,-0.023408239700387412,-0.023829381627546765,4,0.0,a1790d05e3aa7a1c31365038bf3a40518563199c1946055cde867a170f1567d1,PASS
6,8544,8393,8388,98.23267790262172,98.17415730337079,0.0585205992509259,0.05957345406886691,5,0.0,a5264067f8363cfac2319d9f8810c34071c26da594961e4965cdc650a3bec8a1,PASS
7,8544,8393,8391,98.23267790262172,98.20926966292134,0.0234082397003732,0.023829381627546765,2,0.0,717f773c4bf39611b78666fc286be4f73fd70ceda88e1831589ecc27cac41e26,PASS
8,8544,8393,8391,98.23267790262172,98.20926966292134,0.0234082397003732,0.023829381627546765,2,0.0,771b48e6809f42af09214d1a5925389c1e628cabff08199dd1032b8fc4ea5bcf,PASS
9,8544,8393,8393,98.23267790262172,98.23267790262172,0.0,0.0,0,0.0,84e5498d27c97f3ade4d49f14effa2dc4eefb9ccfd54371ca391354c24eb473f,PASS
10,8544,8393,8393,98.23267790262172,98.23267790262172,0.0,0.0,0,0.0,e756a6be2402d52a6266d10248179d3d7a683acb6378bf6d304c3c115af9f0bc,PASS
