split,cut_name,shape,layout,channels,num_elements,fp32_bytes,int8_payload_bytes,fp16_scale_bytes,int8_plus_fp16_bytes,payload_reduction_factor,total_reduction_factor,total_reduction_percent
0,normalized_model_input (identity head),1x1x360,NCL,1,360,1440,360,2,362,4.0,3.977900552486188,74.86111111111111
1,features.1,1x16x360,NCL,16,5760,23040,5760,32,5792,4.0,3.977900552486188,74.86111111111111
2,features.4,1x16x180,NCL,16,2880,11520,2880,32,2912,4.0,3.956043956043956,74.72222222222223
3,features.6,1x32x180,NCL,32,5760,23040,5760,64,5824,4.0,3.956043956043956,74.72222222222223
4,features.9,1x32x90,NCL,32,2880,11520,2880,64,2944,4.0,3.9130434782608696,74.44444444444444
5,features.11,1x48x90,NCL,48,4320,17280,4320,96,4416,4.0,3.9130434782608696,74.44444444444444
6,features.14,1x48x45,NCL,48,2160,8640,2160,96,2256,4.0,3.8297872340425534,73.88888888888889
7,features.16,1x64x45,NCL,64,2880,11520,2880,128,3008,4.0,3.8297872340425534,73.88888888888889
8,features.19,1x64x22,NCL,64,1408,5632,1408,128,1536,4.0,3.6666666666666665,72.72727272727273
9,classifier.3,1x32,NC,32,32,128,32,64,96,4.0,1.3333333333333333,25.0
10,classifier.4,1x5,NC,5,5,20,5,10,15,4.0,1.3333333333333333,25.0
