sample_index,sample_id,M1_max_abs_error,R1_max_abs_error,M2_max_abs_error,R2_max_abs_error,P2_max_abs_error,P2_pass
0,MIT-BIH:105:197:MLII,2.384185791015625e-07,2.384185791015625e-07,9.5367431640625e-07,9.5367431640625e-07,4.76837158203125e-07,PASS
1,MIT-BIH:105:459:MLII,4.76837158203125e-07,4.76837158203125e-07,4.76837158203125e-07,4.76837158203125e-07,4.76837158203125e-07,PASS
2,MIT-BIH:105:708:MLII,4.76837158203125e-07,4.76837158203125e-07,4.76837158203125e-07,4.76837158203125e-07,4.76837158203125e-07,PASS
3,MIT-BIH:105:965:MLII,4.76837158203125e-07,4.76837158203125e-07,7.152557373046875e-07,7.152557373046875e-07,7.152557373046875e-07,PASS
4,MIT-BIH:105:1222:MLII,4.76837158203125e-07,4.76837158203125e-07,7.152557373046875e-07,4.76837158203125e-07,4.76837158203125e-07,PASS
5,MIT-BIH:105:1479:MLII,4.76837158203125e-07,4.76837158203125e-07,4.76837158203125e-07,4.76837158203125e-07,4.76837158203125e-07,PASS
6,MIT-BIH:105:1741:MLII,2.384185791015625e-07,2.384185791015625e-07,4.76837158203125e-07,4.76837158203125e-07,4.76837158203125e-07,PASS
7,MIT-BIH:105:2015:MLII,4.76837158203125e-07,4.76837158203125e-07,7.152557373046875e-07,7.152557373046875e-07,7.152557373046875e-07,PASS
8,MIT-BIH:105:2287:MLII,4.76837158203125e-07,4.76837158203125e-07,4.76837158203125e-07,4.76837158203125e-07,4.76837158203125e-07,PASS
9,MIT-BIH:105:2550:MLII,4.76837158203125e-07,4.76837158203125e-07,7.152557373046875e-07,7.152557373046875e-07,7.152557373046875e-07,PASS
10,MIT-BIH:105:2803:MLII,4.76837158203125e-07,4.76837158203125e-07,5.960464477539062e-07,5.960464477539062e-07,5.960464477539062e-07,PASS
11,MIT-BIH:105:3052:MLII,4.76837158203125e-07,4.76837158203125e-07,7.152557373046875e-07,4.76837158203125e-07,4.76837158203125e-07,PASS
12,MIT-BIH:105:3303:MLII,4.76837158203125e-07,4.76837158203125e-07,4.76837158203125e-07,4.76837158203125e-07,3.5762786865234375e-07,PASS
13,MIT-BIH:105:3563:MLII,4.76837158203125e-07,4.76837158203125e-07,7.152557373046875e-07,7.152557373046875e-07,4.76837158203125e-07,PASS
14,MIT-BIH:105:3835:MLII,4.76837158203125e-07,4.76837158203125e-07,7.152557373046875e-07,7.152557373046875e-07,4.76837158203125e-07,PASS
15,MIT-BIH:105:4102:MLII,4.76837158203125e-07,4.76837158203125e-07,4.76837158203125e-07,4.76837158203125e-07,4.76837158203125e-07,PASS
16,MIT-BIH:105:4371:MLII,4.76837158203125e-07,4.76837158203125e-07,4.76837158203125e-07,4.76837158203125e-07,4.76837158203125e-07,PASS
17,MIT-BIH:105:4635:MLII,2.384185791015625e-07,2.384185791015625e-07,4.76837158203125e-07,4.76837158203125e-07,4.76837158203125e-07,PASS
18,MIT-BIH:105:4901:MLII,4.76837158203125e-07,4.76837158203125e-07,7.152557373046875e-07,7.152557373046875e-07,4.76837158203125e-07,PASS
19,MIT-BIH:105:5154:MLII,4.76837158203125e-07,4.76837158203125e-07,4.76837158203125e-07,4.76837158203125e-07,3.5762786865234375e-07,PASS
