sample_index,sample_id,split,shape,layout,max_abs_error,status
0,MIT-BIH:105:197:MLII,0,1x1x360,NCL,0.0,PASS
0,MIT-BIH:105:197:MLII,1,1x16x360,NCL,2.384185791015625e-07,PASS
0,MIT-BIH:105:197:MLII,2,1x16x180,NCL,4.76837158203125e-07,PASS
0,MIT-BIH:105:197:MLII,3,1x32x180,NCL,2.384185791015625e-07,PASS
0,MIT-BIH:105:197:MLII,4,1x32x90,NCL,2.384185791015625e-07,PASS
0,MIT-BIH:105:197:MLII,5,1x48x90,NCL,2.980232238769531e-07,PASS
0,MIT-BIH:105:197:MLII,6,1x48x45,NCL,4.76837158203125e-07,PASS
0,MIT-BIH:105:197:MLII,7,1x64x45,NCL,9.5367431640625e-07,PASS
0,MIT-BIH:105:197:MLII,8,1x64x22,NCL,2.86102294921875e-06,PASS
0,MIT-BIH:105:197:MLII,9,1x32,NC,6.67572021484375e-06,PASS
0,MIT-BIH:105:197:MLII,10,1x5,NC,3.5762786865234375e-06,PASS
1,MIT-BIH:105:459:MLII,0,1x1x360,NCL,0.0,PASS
1,MIT-BIH:105:459:MLII,1,1x16x360,NCL,4.76837158203125e-07,PASS
1,MIT-BIH:105:459:MLII,2,1x16x180,NCL,4.76837158203125e-07,PASS
1,MIT-BIH:105:459:MLII,3,1x32x180,NCL,3.5762786865234375e-07,PASS
1,MIT-BIH:105:459:MLII,4,1x32x90,NCL,1.7881393432617188e-07,PASS
1,MIT-BIH:105:459:MLII,5,1x48x90,NCL,1.7881393432617188e-07,PASS
1,MIT-BIH:105:459:MLII,6,1x48x45,NCL,2.384185791015625e-07,PASS
1,MIT-BIH:105:459:MLII,7,1x64x45,NCL,4.76837158203125e-07,PASS
1,MIT-BIH:105:459:MLII,8,1x64x22,NCL,3.814697265625e-06,PASS
1,MIT-BIH:105:459:MLII,9,1x32,NC,6.67572021484375e-06,PASS
1,MIT-BIH:105:459:MLII,10,1x5,NC,3.814697265625e-06,PASS
2,MIT-BIH:105:708:MLII,0,1x1x360,NCL,0.0,PASS
2,MIT-BIH:105:708:MLII,1,1x16x360,NCL,4.76837158203125e-07,PASS
2,MIT-BIH:105:708:MLII,2,1x16x180,NCL,4.76837158203125e-07,PASS
2,MIT-BIH:105:708:MLII,3,1x32x180,NCL,3.5762786865234375e-07,PASS
2,MIT-BIH:105:708:MLII,4,1x32x90,NCL,2.384185791015625e-07,PASS
2,MIT-BIH:105:708:MLII,5,1x48x90,NCL,5.960464477539062e-07,PASS
2,MIT-BIH:105:708:MLII,6,1x48x45,NCL,4.76837158203125e-07,PASS
2,MIT-BIH:105:708:MLII,7,1x64x45,NCL,7.152557373046875e-07,PASS
2,MIT-BIH:105:708:MLII,8,1x64x22,NCL,2.86102294921875e-06,PASS
2,MIT-BIH:105:708:MLII,9,1x32,NC,1.049041748046875e-05,PASS
2,MIT-BIH:105:708:MLII,10,1x5,NC,3.039836883544922e-06,PASS
3,MIT-BIH:105:965:MLII,0,1x1x360,NCL,0.0,PASS
3,MIT-BIH:105:965:MLII,1,1x16x360,NCL,4.76837158203125e-07,PASS
3,MIT-BIH:105:965:MLII,2,1x16x180,NCL,7.152557373046875e-07,PASS
3,MIT-BIH:105:965:MLII,3,1x32x180,NCL,3.5762786865234375e-07,PASS
3,MIT-BIH:105:965:MLII,4,1x32x90,NCL,2.384185791015625e-07,PASS
3,MIT-BIH:105:965:MLII,5,1x48x90,NCL,3.5762786865234375e-07,PASS
3,MIT-BIH:105:965:MLII,6,1x48x45,NCL,2.980232238769531e-07,PASS
3,MIT-BIH:105:965:MLII,7,1x64x45,NCL,5.960464477539062e-07,PASS
3,MIT-BIH:105:965:MLII,8,1x64x22,NCL,1.9073486328125e-06,PASS
3,MIT-BIH:105:965:MLII,9,1x32,NC,8.106231689453125e-06,PASS
3,MIT-BIH:105:965:MLII,10,1x5,NC,2.86102294921875e-06,PASS
4,MIT-BIH:105:1222:MLII,0,1x1x360,NCL,0.0,PASS
4,MIT-BIH:105:1222:MLII,1,1x16x360,NCL,4.76837158203125e-07,PASS
4,MIT-BIH:105:1222:MLII,2,1x16x180,NCL,4.76837158203125e-07,PASS
4,MIT-BIH:105:1222:MLII,3,1x32x180,NCL,3.5762786865234375e-07,PASS
4,MIT-BIH:105:1222:MLII,4,1x32x90,NCL,2.384185791015625e-07,PASS
4,MIT-BIH:105:1222:MLII,5,1x48x90,NCL,1.7881393432617188e-07,PASS
4,MIT-BIH:105:1222:MLII,6,1x48x45,NCL,4.76837158203125e-07,PASS
4,MIT-BIH:105:1222:MLII,7,1x64x45,NCL,1.430511474609375e-06,PASS
4,MIT-BIH:105:1222:MLII,8,1x64x22,NCL,2.86102294921875e-06,PASS
4,MIT-BIH:105:1222:MLII,9,1x32,NC,8.58306884765625e-06,PASS
4,MIT-BIH:105:1222:MLII,10,1x5,NC,2.0265579223632812e-06,PASS
5,MIT-BIH:105:1479:MLII,0,1x1x360,NCL,0.0,PASS
5,MIT-BIH:105:1479:MLII,1,1x16x360,NCL,4.76837158203125e-07,PASS
5,MIT-BIH:105:1479:MLII,2,1x16x180,NCL,4.76837158203125e-07,PASS
5,MIT-BIH:105:1479:MLII,3,1x32x180,NCL,2.384185791015625e-07,PASS
5,MIT-BIH:105:1479:MLII,4,1x32x90,NCL,1.7881393432617188e-07,PASS
5,MIT-BIH:105:1479:MLII,5,1x48x90,NCL,2.980232238769531e-07,PASS
5,MIT-BIH:105:1479:MLII,6,1x48x45,NCL,3.5762786865234375e-07,PASS
5,MIT-BIH:105:1479:MLII,7,1x64x45,NCL,4.76837158203125e-07,PASS
5,MIT-BIH:105:1479:MLII,8,1x64x22,NCL,2.86102294921875e-06,PASS
5,MIT-BIH:105:1479:MLII,9,1x32,NC,1.33514404296875e-05,PASS
5,MIT-BIH:105:1479:MLII,10,1x5,NC,3.919005393981934e-06,PASS
6,MIT-BIH:105:1741:MLII,0,1x1x360,NCL,0.0,PASS
6,MIT-BIH:105:1741:MLII,1,1x16x360,NCL,2.384185791015625e-07,PASS
6,MIT-BIH:105:1741:MLII,2,1x16x180,NCL,4.76837158203125e-07,PASS
6,MIT-BIH:105:1741:MLII,3,1x32x180,NCL,3.5762786865234375e-07,PASS
6,MIT-BIH:105:1741:MLII,4,1x32x90,NCL,4.76837158203125e-07,PASS
6,MIT-BIH:105:1741:MLII,5,1x48x90,NCL,2.980232238769531e-07,PASS
6,MIT-BIH:105:1741:MLII,6,1x48x45,NCL,7.152557373046875e-07,PASS
6,MIT-BIH:105:1741:MLII,7,1x64x45,NCL,9.5367431640625e-07,PASS
6,MIT-BIH:105:1741:MLII,8,1x64x22,NCL,3.337860107421875e-06,PASS
6,MIT-BIH:105:1741:MLII,9,1x32,NC,1.430511474609375e-05,PASS
6,MIT-BIH:105:1741:MLII,10,1x5,NC,2.9653310775756836e-06,PASS
7,MIT-BIH:105:2015:MLII,0,1x1x360,NCL,0.0,PASS
7,MIT-BIH:105:2015:MLII,1,1x16x360,NCL,4.76837158203125e-07,PASS
7,MIT-BIH:105:2015:MLII,2,1x16x180,NCL,7.152557373046875e-07,PASS
7,MIT-BIH:105:2015:MLII,3,1x32x180,NCL,2.980232238769531e-07,PASS
7,MIT-BIH:105:2015:MLII,4,1x32x90,NCL,1.7881393432617188e-07,PASS
7,MIT-BIH:105:2015:MLII,5,1x48x90,NCL,2.384185791015625e-07,PASS
7,MIT-BIH:105:2015:MLII,6,1x48x45,NCL,4.76837158203125e-07,PASS
7,MIT-BIH:105:2015:MLII,7,1x64x45,NCL,7.152557373046875e-07,PASS
7,MIT-BIH:105:2015:MLII,8,1x64x22,NCL,3.814697265625e-06,PASS
7,MIT-BIH:105:2015:MLII,9,1x32,NC,1.239776611328125e-05,PASS
7,MIT-BIH:105:2015:MLII,10,1x5,NC,3.814697265625e-06,PASS
8,MIT-BIH:105:2287:MLII,0,1x1x360,NCL,0.0,PASS
8,MIT-BIH:105:2287:MLII,1,1x16x360,NCL,4.76837158203125e-07,PASS
8,MIT-BIH:105:2287:MLII,2,1x16x180,NCL,4.76837158203125e-07,PASS
8,MIT-BIH:105:2287:MLII,3,1x32x180,NCL,2.980232238769531e-07,PASS
8,MIT-BIH:105:2287:MLII,4,1x32x90,NCL,2.384185791015625e-07,PASS
8,MIT-BIH:105:2287:MLII,5,1x48x90,NCL,2.384185791015625e-07,PASS
8,MIT-BIH:105:2287:MLII,6,1x48x45,NCL,2.384185791015625e-07,PASS
8,MIT-BIH:105:2287:MLII,7,1x64x45,NCL,7.152557373046875e-07,PASS
8,MIT-BIH:105:2287:MLII,8,1x64x22,NCL,3.337860107421875e-06,PASS
8,MIT-BIH:105:2287:MLII,9,1x32,NC,1.049041748046875e-05,PASS
8,MIT-BIH:105:2287:MLII,10,1x5,NC,4.76837158203125e-06,PASS
9,MIT-BIH:105:2550:MLII,0,1x1x360,NCL,0.0,PASS
9,MIT-BIH:105:2550:MLII,1,1x16x360,NCL,4.76837158203125e-07,PASS
9,MIT-BIH:105:2550:MLII,2,1x16x180,NCL,7.152557373046875e-07,PASS
9,MIT-BIH:105:2550:MLII,3,1x32x180,NCL,2.980232238769531e-07,PASS
9,MIT-BIH:105:2550:MLII,4,1x32x90,NCL,2.384185791015625e-07,PASS
9,MIT-BIH:105:2550:MLII,5,1x48x90,NCL,3.5762786865234375e-07,PASS
9,MIT-BIH:105:2550:MLII,6,1x48x45,NCL,3.5762786865234375e-07,PASS
9,MIT-BIH:105:2550:MLII,7,1x64x45,NCL,4.76837158203125e-07,PASS
9,MIT-BIH:105:2550:MLII,8,1x64x22,NCL,3.814697265625e-06,PASS
9,MIT-BIH:105:2550:MLII,9,1x32,NC,1.33514404296875e-05,PASS
9,MIT-BIH:105:2550:MLII,10,1x5,NC,1.6689300537109375e-06,PASS
10,MIT-BIH:105:2803:MLII,0,1x1x360,NCL,0.0,PASS
10,MIT-BIH:105:2803:MLII,1,1x16x360,NCL,4.76837158203125e-07,PASS
10,MIT-BIH:105:2803:MLII,2,1x16x180,NCL,5.960464477539062e-07,PASS
10,MIT-BIH:105:2803:MLII,3,1x32x180,NCL,2.384185791015625e-07,PASS
10,MIT-BIH:105:2803:MLII,4,1x32x90,NCL,2.384185791015625e-07,PASS
10,MIT-BIH:105:2803:MLII,5,1x48x90,NCL,3.5762786865234375e-07,PASS
10,MIT-BIH:105:2803:MLII,6,1x48x45,NCL,3.5762786865234375e-07,PASS
10,MIT-BIH:105:2803:MLII,7,1x64x45,NCL,7.152557373046875e-07,PASS
10,MIT-BIH:105:2803:MLII,8,1x64x22,NCL,3.814697265625e-06,PASS
10,MIT-BIH:105:2803:MLII,9,1x32,NC,1.1444091796875e-05,PASS
10,MIT-BIH:105:2803:MLII,10,1x5,NC,3.725290298461914e-06,PASS
11,MIT-BIH:105:3052:MLII,0,1x1x360,NCL,0.0,PASS
11,MIT-BIH:105:3052:MLII,1,1x16x360,NCL,4.76837158203125e-07,PASS
11,MIT-BIH:105:3052:MLII,2,1x16x180,NCL,4.76837158203125e-07,PASS
11,MIT-BIH:105:3052:MLII,3,1x32x180,NCL,3.5762786865234375e-07,PASS
11,MIT-BIH:105:3052:MLII,4,1x32x90,NCL,1.7881393432617188e-07,PASS
11,MIT-BIH:105:3052:MLII,5,1x48x90,NCL,1.7881393432617188e-07,PASS
11,MIT-BIH:105:3052:MLII,6,1x48x45,NCL,4.76837158203125e-07,PASS
11,MIT-BIH:105:3052:MLII,7,1x64x45,NCL,7.152557373046875e-07,PASS
11,MIT-BIH:105:3052:MLII,8,1x64x22,NCL,3.814697265625e-06,PASS
11,MIT-BIH:105:3052:MLII,9,1x32,NC,1.049041748046875e-05,PASS
11,MIT-BIH:105:3052:MLII,10,1x5,NC,5.125999450683594e-06,PASS
12,MIT-BIH:105:3303:MLII,0,1x1x360,NCL,0.0,PASS
12,MIT-BIH:105:3303:MLII,1,1x16x360,NCL,4.76837158203125e-07,PASS
12,MIT-BIH:105:3303:MLII,2,1x16x180,NCL,3.5762786865234375e-07,PASS
12,MIT-BIH:105:3303:MLII,3,1x32x180,NCL,2.980232238769531e-07,PASS
12,MIT-BIH:105:3303:MLII,4,1x32x90,NCL,1.7881393432617188e-07,PASS
12,MIT-BIH:105:3303:MLII,5,1x48x90,NCL,2.384185791015625e-07,PASS
12,MIT-BIH:105:3303:MLII,6,1x48x45,NCL,2.384185791015625e-07,PASS
12,MIT-BIH:105:3303:MLII,7,1x64x45,NCL,7.152557373046875e-07,PASS
12,MIT-BIH:105:3303:MLII,8,1x64x22,NCL,3.814697265625e-06,PASS
12,MIT-BIH:105:3303:MLII,9,1x32,NC,1.1444091796875e-05,PASS
12,MIT-BIH:105:3303:MLII,10,1x5,NC,3.2186508178710938e-06,PASS
13,MIT-BIH:105:3563:MLII,0,1x1x360,NCL,0.0,PASS
13,MIT-BIH:105:3563:MLII,1,1x16x360,NCL,4.76837158203125e-07,PASS
13,MIT-BIH:105:3563:MLII,2,1x16x180,NCL,4.76837158203125e-07,PASS
13,MIT-BIH:105:3563:MLII,3,1x32x180,NCL,4.76837158203125e-07,PASS
13,MIT-BIH:105:3563:MLII,4,1x32x90,NCL,2.384185791015625e-07,PASS
13,MIT-BIH:105:3563:MLII,5,1x48x90,NCL,2.384185791015625e-07,PASS
13,MIT-BIH:105:3563:MLII,6,1x48x45,NCL,3.5762786865234375e-07,PASS
13,MIT-BIH:105:3563:MLII,7,1x64x45,NCL,4.76837158203125e-07,PASS
13,MIT-BIH:105:3563:MLII,8,1x64x22,NCL,3.814697265625e-06,PASS
13,MIT-BIH:105:3563:MLII,9,1x32,NC,8.58306884765625e-06,PASS
13,MIT-BIH:105:3563:MLII,10,1x5,NC,2.4437904357910156e-06,PASS
14,MIT-BIH:105:3835:MLII,0,1x1x360,NCL,0.0,PASS
14,MIT-BIH:105:3835:MLII,1,1x16x360,NCL,4.76837158203125e-07,PASS
14,MIT-BIH:105:3835:MLII,2,1x16x180,NCL,4.76837158203125e-07,PASS
14,MIT-BIH:105:3835:MLII,3,1x32x180,NCL,2.980232238769531e-07,PASS
14,MIT-BIH:105:3835:MLII,4,1x32x90,NCL,2.384185791015625e-07,PASS
14,MIT-BIH:105:3835:MLII,5,1x48x90,NCL,4.76837158203125e-07,PASS
14,MIT-BIH:105:3835:MLII,6,1x48x45,NCL,3.5762786865234375e-07,PASS
14,MIT-BIH:105:3835:MLII,7,1x64x45,NCL,7.152557373046875e-07,PASS
14,MIT-BIH:105:3835:MLII,8,1x64x22,NCL,2.86102294921875e-06,PASS
14,MIT-BIH:105:3835:MLII,9,1x32,NC,9.5367431640625e-06,PASS
14,MIT-BIH:105:3835:MLII,10,1x5,NC,3.814697265625e-06,PASS
15,MIT-BIH:105:4102:MLII,0,1x1x360,NCL,0.0,PASS
15,MIT-BIH:105:4102:MLII,1,1x16x360,NCL,4.76837158203125e-07,PASS
15,MIT-BIH:105:4102:MLII,2,1x16x180,NCL,4.76837158203125e-07,PASS
15,MIT-BIH:105:4102:MLII,3,1x32x180,NCL,2.384185791015625e-07,PASS
15,MIT-BIH:105:4102:MLII,4,1x32x90,NCL,1.7881393432617188e-07,PASS
15,MIT-BIH:105:4102:MLII,5,1x48x90,NCL,3.5762786865234375e-07,PASS
15,MIT-BIH:105:4102:MLII,6,1x48x45,NCL,3.5762786865234375e-07,PASS
15,MIT-BIH:105:4102:MLII,7,1x64x45,NCL,8.344650268554688e-07,PASS
15,MIT-BIH:105:4102:MLII,8,1x64x22,NCL,3.814697265625e-06,PASS
15,MIT-BIH:105:4102:MLII,9,1x32,NC,1.049041748046875e-05,PASS
15,MIT-BIH:105:4102:MLII,10,1x5,NC,1.4901161193847656e-06,PASS
16,MIT-BIH:105:4371:MLII,0,1x1x360,NCL,0.0,PASS
16,MIT-BIH:105:4371:MLII,1,1x16x360,NCL,4.76837158203125e-07,PASS
16,MIT-BIH:105:4371:MLII,2,1x16x180,NCL,4.76837158203125e-07,PASS
16,MIT-BIH:105:4371:MLII,3,1x32x180,NCL,3.5762786865234375e-07,PASS
16,MIT-BIH:105:4371:MLII,4,1x32x90,NCL,2.384185791015625e-07,PASS
16,MIT-BIH:105:4371:MLII,5,1x48x90,NCL,2.384185791015625e-07,PASS
16,MIT-BIH:105:4371:MLII,6,1x48x45,NCL,4.76837158203125e-07,PASS
16,MIT-BIH:105:4371:MLII,7,1x64x45,NCL,7.152557373046875e-07,PASS
16,MIT-BIH:105:4371:MLII,8,1x64x22,NCL,3.337860107421875e-06,PASS
16,MIT-BIH:105:4371:MLII,9,1x32,NC,8.58306884765625e-06,PASS
16,MIT-BIH:105:4371:MLII,10,1x5,NC,1.2516975402832031e-06,PASS
17,MIT-BIH:105:4635:MLII,0,1x1x360,NCL,0.0,PASS
17,MIT-BIH:105:4635:MLII,1,1x16x360,NCL,2.384185791015625e-07,PASS
17,MIT-BIH:105:4635:MLII,2,1x16x180,NCL,4.76837158203125e-07,PASS
17,MIT-BIH:105:4635:MLII,3,1x32x180,NCL,3.5762786865234375e-07,PASS
17,MIT-BIH:105:4635:MLII,4,1x32x90,NCL,2.384185791015625e-07,PASS
17,MIT-BIH:105:4635:MLII,5,1x48x90,NCL,3.5762786865234375e-07,PASS
17,MIT-BIH:105:4635:MLII,6,1x48x45,NCL,2.384185791015625e-07,PASS
17,MIT-BIH:105:4635:MLII,7,1x64x45,NCL,4.76837158203125e-07,PASS
17,MIT-BIH:105:4635:MLII,8,1x64x22,NCL,2.86102294921875e-06,PASS
17,MIT-BIH:105:4635:MLII,9,1x32,NC,1.1444091796875e-05,PASS
17,MIT-BIH:105:4635:MLII,10,1x5,NC,2.86102294921875e-06,PASS
18,MIT-BIH:105:4901:MLII,0,1x1x360,NCL,0.0,PASS
18,MIT-BIH:105:4901:MLII,1,1x16x360,NCL,4.76837158203125e-07,PASS
18,MIT-BIH:105:4901:MLII,2,1x16x180,NCL,4.76837158203125e-07,PASS
18,MIT-BIH:105:4901:MLII,3,1x32x180,NCL,3.5762786865234375e-07,PASS
18,MIT-BIH:105:4901:MLII,4,1x32x90,NCL,1.7881393432617188e-07,PASS
18,MIT-BIH:105:4901:MLII,5,1x48x90,NCL,2.384185791015625e-07,PASS
18,MIT-BIH:105:4901:MLII,6,1x48x45,NCL,2.384185791015625e-07,PASS
18,MIT-BIH:105:4901:MLII,7,1x64x45,NCL,7.152557373046875e-07,PASS
18,MIT-BIH:105:4901:MLII,8,1x64x22,NCL,3.814697265625e-06,PASS
18,MIT-BIH:105:4901:MLII,9,1x32,NC,1.1444091796875e-05,PASS
18,MIT-BIH:105:4901:MLII,10,1x5,NC,5.602836608886719e-06,PASS
19,MIT-BIH:105:5154:MLII,0,1x1x360,NCL,0.0,PASS
19,MIT-BIH:105:5154:MLII,1,1x16x360,NCL,4.76837158203125e-07,PASS
19,MIT-BIH:105:5154:MLII,2,1x16x180,NCL,3.5762786865234375e-07,PASS
19,MIT-BIH:105:5154:MLII,3,1x32x180,NCL,2.086162567138672e-07,PASS
19,MIT-BIH:105:5154:MLII,4,1x32x90,NCL,2.384185791015625e-07,PASS
19,MIT-BIH:105:5154:MLII,5,1x48x90,NCL,2.384185791015625e-07,PASS
19,MIT-BIH:105:5154:MLII,6,1x48x45,NCL,2.384185791015625e-07,PASS
19,MIT-BIH:105:5154:MLII,7,1x64x45,NCL,7.152557373046875e-07,PASS
19,MIT-BIH:105:5154:MLII,8,1x64x22,NCL,3.814697265625e-06,PASS
19,MIT-BIH:105:5154:MLII,9,1x32,NC,6.67572021484375e-06,PASS
19,MIT-BIH:105:5154:MLII,10,1x5,NC,2.384185791015625e-06,PASS
