split,sample_index,sample_id,n,warmup,cpu_hz,mean_ms,std_ms,p95_ms,min_ms,max_ms
0,0,MIT-BIH:105:197:MLII,100,20,64000000,0.0059759374999999995,5.056596508022912e-05,0.00596875,0.00596875,0.0063281249999999995
1,0,MIT-BIH:105:197:MLII,100,20,64000000,18.97771875,0.0008008895090346847,18.978515625,18.976921875,18.978515625
2,0,MIT-BIH:105:197:MLII,100,20,64000000,234.45828125,0.0,234.45828125,234.45828125,234.45828125
3,0,MIT-BIH:105:197:MLII,100,20,64000000,448.94129687500003,0.0,448.94129687500003,448.94129687500003,448.94129687500003
4,0,MIT-BIH:105:197:MLII,100,20,64000000,873.582734375,0.0,873.582734375,873.582734375,873.582734375
5,0,MIT-BIH:105:197:MLII,100,20,64000000,1190.51175,0.0,1190.51175,1190.51175,1190.51175
6,0,MIT-BIH:105:197:MLII,100,20,64000000,1664.525390625,0.0,1664.525390625,1664.525390625,1664.525390625
7,0,MIT-BIH:105:197:MLII,100,20,64000000,1978.06490625,0.0,1978.06490625,1978.06490625,1978.06490625
8,0,MIT-BIH:105:197:MLII,100,20,64000000,2395.60834375,0.0,2395.60834375,2395.60834375,2395.60834375
9,0,MIT-BIH:105:197:MLII,100,20,64000000,2409.012078125,0.0,2409.012078125,2409.012078125,2409.012078125
10,0,MIT-BIH:105:197:MLII,100,20,64000000,2409.063171875,0.0,2409.063171875,2409.063171875,2409.063171875
