split,sample_index,sample_id,iteration,cycles,cpu_hz,time_ms
0,0,MIT-BIH:105:197:MLII,0,382,64000000,0.00596875
0,0,MIT-BIH:105:197:MLII,1,382,64000000,0.00596875
0,0,MIT-BIH:105:197:MLII,2,382,64000000,0.00596875
0,0,MIT-BIH:105:197:MLII,3,382,64000000,0.00596875
0,0,MIT-BIH:105:197:MLII,4,382,64000000,0.00596875
0,0,MIT-BIH:105:197:MLII,5,382,64000000,0.00596875
0,0,MIT-BIH:105:197:MLII,6,382,64000000,0.00596875
0,0,MIT-BIH:105:197:MLII,7,382,64000000,0.00596875
0,0,MIT-BIH:105:197:MLII,8,382,64000000,0.00596875
0,0,MIT-BIH:105:197:MLII,9,382,64000000,0.00596875
0,0,MIT-BIH:105:197:MLII,10,382,64000000,0.00596875
0,0,MIT-BIH:105:197:MLII,11,382,64000000,0.00596875
0,0,MIT-BIH:105:197:MLII,12,382,64000000,0.00596875
0,0,MIT-BIH:105:197:MLII,13,382,64000000,0.00596875
0,0,MIT-BIH:105:197:MLII,14,382,64000000,0.00596875
0,0,MIT-BIH:105:197:MLII,15,382,64000000,0.00596875
0,0,MIT-BIH:105:197:MLII,16,382,64000000,0.00596875
0,0,MIT-BIH:105:197:MLII,17,382,64000000,0.00596875
0,0,MIT-BIH:105:197:MLII,18,382,64000000,0.00596875
0,0,MIT-BIH:105:197:MLII,19,382,64000000,0.00596875
0,0,MIT-BIH:105:197:MLII,20,382,64000000,0.00596875
0,0,MIT-BIH:105:197:MLII,21,382,64000000,0.00596875
0,0,MIT-BIH:105:197:MLII,22,382,64000000,0.00596875
0,0,MIT-BIH:105:197:MLII,23,382,64000000,0.00596875
0,0,MIT-BIH:105:197:MLII,24,382,64000000,0.00596875
0,0,MIT-BIH:105:197:MLII,25,382,64000000,0.00596875
0,0,MIT-BIH:105:197:MLII,26,382,64000000,0.00596875
0,0,MIT-BIH:105:197:MLII,27,382,64000000,0.00596875
0,0,MIT-BIH:105:197:MLII,28,382,64000000,0.00596875
0,0,MIT-BIH:105:197:MLII,29,382,64000000,0.00596875
0,0,MIT-BIH:105:197:MLII,30,382,64000000,0.00596875
0,0,MIT-BIH:105:197:MLII,31,382,64000000,0.00596875
0,0,MIT-BIH:105:197:MLII,32,382,64000000,0.00596875
0,0,MIT-BIH:105:197:MLII,33,382,64000000,0.00596875
0,0,MIT-BIH:105:197:MLII,34,382,64000000,0.00596875
0,0,MIT-BIH:105:197:MLII,35,382,64000000,0.00596875
0,0,MIT-BIH:105:197:MLII,36,382,64000000,0.00596875
0,0,MIT-BIH:105:197:MLII,37,382,64000000,0.00596875
0,0,MIT-BIH:105:197:MLII,38,382,64000000,0.00596875
0,0,MIT-BIH:105:197:MLII,39,382,64000000,0.00596875
0,0,MIT-BIH:105:197:MLII,40,382,64000000,0.00596875
0,0,MIT-BIH:105:197:MLII,41,382,64000000,0.00596875
0,0,MIT-BIH:105:197:MLII,42,382,64000000,0.00596875
0,0,MIT-BIH:105:197:MLII,43,382,64000000,0.00596875
0,0,MIT-BIH:105:197:MLII,44,382,64000000,0.00596875
0,0,MIT-BIH:105:197:MLII,45,382,64000000,0.00596875
0,0,MIT-BIH:105:197:MLII,46,382,64000000,0.00596875
0,0,MIT-BIH:105:197:MLII,47,382,64000000,0.00596875
0,0,MIT-BIH:105:197:MLII,48,382,64000000,0.00596875
0,0,MIT-BIH:105:197:MLII,49,382,64000000,0.00596875
0,0,MIT-BIH:105:197:MLII,50,382,64000000,0.00596875
0,0,MIT-BIH:105:197:MLII,51,382,64000000,0.00596875
0,0,MIT-BIH:105:197:MLII,52,382,64000000,0.00596875
0,0,MIT-BIH:105:197:MLII,53,382,64000000,0.00596875
0,0,MIT-BIH:105:197:MLII,54,382,64000000,0.00596875
0,0,MIT-BIH:105:197:MLII,55,382,64000000,0.00596875
0,0,MIT-BIH:105:197:MLII,56,382,64000000,0.00596875
0,0,MIT-BIH:105:197:MLII,57,382,64000000,0.00596875
0,0,MIT-BIH:105:197:MLII,58,382,64000000,0.00596875
0,0,MIT-BIH:105:197:MLII,59,382,64000000,0.00596875
0,0,MIT-BIH:105:197:MLII,60,382,64000000,0.00596875
0,0,MIT-BIH:105:197:MLII,61,382,64000000,0.00596875
0,0,MIT-BIH:105:197:MLII,62,382,64000000,0.00596875
0,0,MIT-BIH:105:197:MLII,63,382,64000000,0.00596875
0,0,MIT-BIH:105:197:MLII,64,382,64000000,0.00596875
0,0,MIT-BIH:105:197:MLII,65,382,64000000,0.00596875
0,0,MIT-BIH:105:197:MLII,66,382,64000000,0.00596875
0,0,MIT-BIH:105:197:MLII,67,382,64000000,0.00596875
0,0,MIT-BIH:105:197:MLII,68,382,64000000,0.00596875
0,0,MIT-BIH:105:197:MLII,69,382,64000000,0.00596875
0,0,MIT-BIH:105:197:MLII,70,382,64000000,0.00596875
0,0,MIT-BIH:105:197:MLII,71,382,64000000,0.00596875
0,0,MIT-BIH:105:197:MLII,72,382,64000000,0.00596875
0,0,MIT-BIH:105:197:MLII,73,382,64000000,0.00596875
0,0,MIT-BIH:105:197:MLII,74,382,64000000,0.00596875
0,0,MIT-BIH:105:197:MLII,75,382,64000000,0.00596875
0,0,MIT-BIH:105:197:MLII,76,382,64000000,0.00596875
0,0,MIT-BIH:105:197:MLII,77,382,64000000,0.00596875
0,0,MIT-BIH:105:197:MLII,78,382,64000000,0.00596875
0,0,MIT-BIH:105:197:MLII,79,382,64000000,0.00596875
0,0,MIT-BIH:105:197:MLII,80,382,64000000,0.00596875
0,0,MIT-BIH:105:197:MLII,81,382,64000000,0.00596875
0,0,MIT-BIH:105:197:MLII,82,382,64000000,0.00596875
0,0,MIT-BIH:105:197:MLII,83,382,64000000,0.00596875
0,0,MIT-BIH:105:197:MLII,84,382,64000000,0.00596875
0,0,MIT-BIH:105:197:MLII,85,405,64000000,0.0063281249999999995
0,0,MIT-BIH:105:197:MLII,86,382,64000000,0.00596875
0,0,MIT-BIH:105:197:MLII,87,382,64000000,0.00596875
0,0,MIT-BIH:105:197:MLII,88,382,64000000,0.00596875
0,0,MIT-BIH:105:197:MLII,89,382,64000000,0.00596875
0,0,MIT-BIH:105:197:MLII,90,405,64000000,0.0063281249999999995
0,0,MIT-BIH:105:197:MLII,91,382,64000000,0.00596875
0,0,MIT-BIH:105:197:MLII,92,382,64000000,0.00596875
0,0,MIT-BIH:105:197:MLII,93,382,64000000,0.00596875
0,0,MIT-BIH:105:197:MLII,94,382,64000000,0.00596875
0,0,MIT-BIH:105:197:MLII,95,382,64000000,0.00596875
0,0,MIT-BIH:105:197:MLII,96,382,64000000,0.00596875
0,0,MIT-BIH:105:197:MLII,97,382,64000000,0.00596875
0,0,MIT-BIH:105:197:MLII,98,382,64000000,0.00596875
0,0,MIT-BIH:105:197:MLII,99,382,64000000,0.00596875
1,0,MIT-BIH:105:197:MLII,0,1214625,64000000,18.978515625
1,0,MIT-BIH:105:197:MLII,1,1214523,64000000,18.976921875
1,0,MIT-BIH:105:197:MLII,2,1214625,64000000,18.978515625
1,0,MIT-BIH:105:197:MLII,3,1214523,64000000,18.976921875
1,0,MIT-BIH:105:197:MLII,4,1214625,64000000,18.978515625
1,0,MIT-BIH:105:197:MLII,5,1214523,64000000,18.976921875
1,0,MIT-BIH:105:197:MLII,6,1214625,64000000,18.978515625
1,0,MIT-BIH:105:197:MLII,7,1214523,64000000,18.976921875
1,0,MIT-BIH:105:197:MLII,8,1214625,64000000,18.978515625
1,0,MIT-BIH:105:197:MLII,9,1214523,64000000,18.976921875
1,0,MIT-BIH:105:197:MLII,10,1214625,64000000,18.978515625
1,0,MIT-BIH:105:197:MLII,11,1214523,64000000,18.976921875
1,0,MIT-BIH:105:197:MLII,12,1214625,64000000,18.978515625
1,0,MIT-BIH:105:197:MLII,13,1214523,64000000,18.976921875
1,0,MIT-BIH:105:197:MLII,14,1214625,64000000,18.978515625
1,0,MIT-BIH:105:197:MLII,15,1214523,64000000,18.976921875
1,0,MIT-BIH:105:197:MLII,16,1214625,64000000,18.978515625
1,0,MIT-BIH:105:197:MLII,17,1214523,64000000,18.976921875
1,0,MIT-BIH:105:197:MLII,18,1214625,64000000,18.978515625
1,0,MIT-BIH:105:197:MLII,19,1214523,64000000,18.976921875
1,0,MIT-BIH:105:197:MLII,20,1214625,64000000,18.978515625
1,0,MIT-BIH:105:197:MLII,21,1214523,64000000,18.976921875
1,0,MIT-BIH:105:197:MLII,22,1214625,64000000,18.978515625
1,0,MIT-BIH:105:197:MLII,23,1214523,64000000,18.976921875
1,0,MIT-BIH:105:197:MLII,24,1214625,64000000,18.978515625
1,0,MIT-BIH:105:197:MLII,25,1214523,64000000,18.976921875
1,0,MIT-BIH:105:197:MLII,26,1214625,64000000,18.978515625
1,0,MIT-BIH:105:197:MLII,27,1214523,64000000,18.976921875
1,0,MIT-BIH:105:197:MLII,28,1214625,64000000,18.978515625
1,0,MIT-BIH:105:197:MLII,29,1214523,64000000,18.976921875
1,0,MIT-BIH:105:197:MLII,30,1214625,64000000,18.978515625
1,0,MIT-BIH:105:197:MLII,31,1214523,64000000,18.976921875
1,0,MIT-BIH:105:197:MLII,32,1214625,64000000,18.978515625
1,0,MIT-BIH:105:197:MLII,33,1214523,64000000,18.976921875
1,0,MIT-BIH:105:197:MLII,34,1214625,64000000,18.978515625
1,0,MIT-BIH:105:197:MLII,35,1214523,64000000,18.976921875
1,0,MIT-BIH:105:197:MLII,36,1214625,64000000,18.978515625
1,0,MIT-BIH:105:197:MLII,37,1214523,64000000,18.976921875
1,0,MIT-BIH:105:197:MLII,38,1214625,64000000,18.978515625
1,0,MIT-BIH:105:197:MLII,39,1214523,64000000,18.976921875
1,0,MIT-BIH:105:197:MLII,40,1214625,64000000,18.978515625
1,0,MIT-BIH:105:197:MLII,41,1214523,64000000,18.976921875
1,0,MIT-BIH:105:197:MLII,42,1214625,64000000,18.978515625
1,0,MIT-BIH:105:197:MLII,43,1214523,64000000,18.976921875
1,0,MIT-BIH:105:197:MLII,44,1214625,64000000,18.978515625
1,0,MIT-BIH:105:197:MLII,45,1214523,64000000,18.976921875
1,0,MIT-BIH:105:197:MLII,46,1214625,64000000,18.978515625
1,0,MIT-BIH:105:197:MLII,47,1214523,64000000,18.976921875
1,0,MIT-BIH:105:197:MLII,48,1214625,64000000,18.978515625
1,0,MIT-BIH:105:197:MLII,49,1214523,64000000,18.976921875
1,0,MIT-BIH:105:197:MLII,50,1214625,64000000,18.978515625
1,0,MIT-BIH:105:197:MLII,51,1214523,64000000,18.976921875
1,0,MIT-BIH:105:197:MLII,52,1214625,64000000,18.978515625
1,0,MIT-BIH:105:197:MLII,53,1214523,64000000,18.976921875
1,0,MIT-BIH:105:197:MLII,54,1214625,64000000,18.978515625
1,0,MIT-BIH:105:197:MLII,55,1214523,64000000,18.976921875
1,0,MIT-BIH:105:197:MLII,56,1214625,64000000,18.978515625
1,0,MIT-BIH:105:197:MLII,57,1214523,64000000,18.976921875
1,0,MIT-BIH:105:197:MLII,58,1214625,64000000,18.978515625
1,0,MIT-BIH:105:197:MLII,59,1214523,64000000,18.976921875
1,0,MIT-BIH:105:197:MLII,60,1214625,64000000,18.978515625
1,0,MIT-BIH:105:197:MLII,61,1214523,64000000,18.976921875
1,0,MIT-BIH:105:197:MLII,62,1214625,64000000,18.978515625
1,0,MIT-BIH:105:197:MLII,63,1214523,64000000,18.976921875
1,0,MIT-BIH:105:197:MLII,64,1214625,64000000,18.978515625
1,0,MIT-BIH:105:197:MLII,65,1214523,64000000,18.976921875
1,0,MIT-BIH:105:197:MLII,66,1214625,64000000,18.978515625
1,0,MIT-BIH:105:197:MLII,67,1214523,64000000,18.976921875
1,0,MIT-BIH:105:197:MLII,68,1214625,64000000,18.978515625
1,0,MIT-BIH:105:197:MLII,69,1214523,64000000,18.976921875
1,0,MIT-BIH:105:197:MLII,70,1214625,64000000,18.978515625
1,0,MIT-BIH:105:197:MLII,71,1214523,64000000,18.976921875
1,0,MIT-BIH:105:197:MLII,72,1214625,64000000,18.978515625
1,0,MIT-BIH:105:197:MLII,73,1214523,64000000,18.976921875
1,0,MIT-BIH:105:197:MLII,74,1214625,64000000,18.978515625
1,0,MIT-BIH:105:197:MLII,75,1214523,64000000,18.976921875
1,0,MIT-BIH:105:197:MLII,76,1214625,64000000,18.978515625
1,0,MIT-BIH:105:197:MLII,77,1214523,64000000,18.976921875
1,0,MIT-BIH:105:197:MLII,78,1214625,64000000,18.978515625
1,0,MIT-BIH:105:197:MLII,79,1214523,64000000,18.976921875
1,0,MIT-BIH:105:197:MLII,80,1214625,64000000,18.978515625
1,0,MIT-BIH:105:197:MLII,81,1214523,64000000,18.976921875
1,0,MIT-BIH:105:197:MLII,82,1214625,64000000,18.978515625
1,0,MIT-BIH:105:197:MLII,83,1214523,64000000,18.976921875
1,0,MIT-BIH:105:197:MLII,84,1214625,64000000,18.978515625
1,0,MIT-BIH:105:197:MLII,85,1214523,64000000,18.976921875
1,0,MIT-BIH:105:197:MLII,86,1214625,64000000,18.978515625
1,0,MIT-BIH:105:197:MLII,87,1214523,64000000,18.976921875
1,0,MIT-BIH:105:197:MLII,88,1214625,64000000,18.978515625
1,0,MIT-BIH:105:197:MLII,89,1214523,64000000,18.976921875
1,0,MIT-BIH:105:197:MLII,90,1214625,64000000,18.978515625
1,0,MIT-BIH:105:197:MLII,91,1214523,64000000,18.976921875
1,0,MIT-BIH:105:197:MLII,92,1214625,64000000,18.978515625
1,0,MIT-BIH:105:197:MLII,93,1214523,64000000,18.976921875
1,0,MIT-BIH:105:197:MLII,94,1214625,64000000,18.978515625
1,0,MIT-BIH:105:197:MLII,95,1214523,64000000,18.976921875
1,0,MIT-BIH:105:197:MLII,96,1214625,64000000,18.978515625
1,0,MIT-BIH:105:197:MLII,97,1214523,64000000,18.976921875
1,0,MIT-BIH:105:197:MLII,98,1214625,64000000,18.978515625
1,0,MIT-BIH:105:197:MLII,99,1214523,64000000,18.976921875
2,0,MIT-BIH:105:197:MLII,0,15005330,64000000,234.45828125
2,0,MIT-BIH:105:197:MLII,1,15005330,64000000,234.45828125
2,0,MIT-BIH:105:197:MLII,2,15005330,64000000,234.45828125
2,0,MIT-BIH:105:197:MLII,3,15005330,64000000,234.45828125
2,0,MIT-BIH:105:197:MLII,4,15005330,64000000,234.45828125
2,0,MIT-BIH:105:197:MLII,5,15005330,64000000,234.45828125
2,0,MIT-BIH:105:197:MLII,6,15005330,64000000,234.45828125
2,0,MIT-BIH:105:197:MLII,7,15005330,64000000,234.45828125
2,0,MIT-BIH:105:197:MLII,8,15005330,64000000,234.45828125
2,0,MIT-BIH:105:197:MLII,9,15005330,64000000,234.45828125
2,0,MIT-BIH:105:197:MLII,10,15005330,64000000,234.45828125
2,0,MIT-BIH:105:197:MLII,11,15005330,64000000,234.45828125
2,0,MIT-BIH:105:197:MLII,12,15005330,64000000,234.45828125
2,0,MIT-BIH:105:197:MLII,13,15005330,64000000,234.45828125
2,0,MIT-BIH:105:197:MLII,14,15005330,64000000,234.45828125
2,0,MIT-BIH:105:197:MLII,15,15005330,64000000,234.45828125
2,0,MIT-BIH:105:197:MLII,16,15005330,64000000,234.45828125
2,0,MIT-BIH:105:197:MLII,17,15005330,64000000,234.45828125
2,0,MIT-BIH:105:197:MLII,18,15005330,64000000,234.45828125
2,0,MIT-BIH:105:197:MLII,19,15005330,64000000,234.45828125
2,0,MIT-BIH:105:197:MLII,20,15005330,64000000,234.45828125
2,0,MIT-BIH:105:197:MLII,21,15005330,64000000,234.45828125
2,0,MIT-BIH:105:197:MLII,22,15005330,64000000,234.45828125
2,0,MIT-BIH:105:197:MLII,23,15005330,64000000,234.45828125
2,0,MIT-BIH:105:197:MLII,24,15005330,64000000,234.45828125
2,0,MIT-BIH:105:197:MLII,25,15005330,64000000,234.45828125
2,0,MIT-BIH:105:197:MLII,26,15005330,64000000,234.45828125
2,0,MIT-BIH:105:197:MLII,27,15005330,64000000,234.45828125
2,0,MIT-BIH:105:197:MLII,28,15005330,64000000,234.45828125
2,0,MIT-BIH:105:197:MLII,29,15005330,64000000,234.45828125
2,0,MIT-BIH:105:197:MLII,30,15005330,64000000,234.45828125
2,0,MIT-BIH:105:197:MLII,31,15005330,64000000,234.45828125
2,0,MIT-BIH:105:197:MLII,32,15005330,64000000,234.45828125
2,0,MIT-BIH:105:197:MLII,33,15005330,64000000,234.45828125
2,0,MIT-BIH:105:197:MLII,34,15005330,64000000,234.45828125
2,0,MIT-BIH:105:197:MLII,35,15005330,64000000,234.45828125
2,0,MIT-BIH:105:197:MLII,36,15005330,64000000,234.45828125
2,0,MIT-BIH:105:197:MLII,37,15005330,64000000,234.45828125
2,0,MIT-BIH:105:197:MLII,38,15005330,64000000,234.45828125
2,0,MIT-BIH:105:197:MLII,39,15005330,64000000,234.45828125
2,0,MIT-BIH:105:197:MLII,40,15005330,64000000,234.45828125
2,0,MIT-BIH:105:197:MLII,41,15005330,64000000,234.45828125
2,0,MIT-BIH:105:197:MLII,42,15005330,64000000,234.45828125
2,0,MIT-BIH:105:197:MLII,43,15005330,64000000,234.45828125
2,0,MIT-BIH:105:197:MLII,44,15005330,64000000,234.45828125
2,0,MIT-BIH:105:197:MLII,45,15005330,64000000,234.45828125
2,0,MIT-BIH:105:197:MLII,46,15005330,64000000,234.45828125
2,0,MIT-BIH:105:197:MLII,47,15005330,64000000,234.45828125
2,0,MIT-BIH:105:197:MLII,48,15005330,64000000,234.45828125
2,0,MIT-BIH:105:197:MLII,49,15005330,64000000,234.45828125
2,0,MIT-BIH:105:197:MLII,50,15005330,64000000,234.45828125
2,0,MIT-BIH:105:197:MLII,51,15005330,64000000,234.45828125
2,0,MIT-BIH:105:197:MLII,52,15005330,64000000,234.45828125
2,0,MIT-BIH:105:197:MLII,53,15005330,64000000,234.45828125
2,0,MIT-BIH:105:197:MLII,54,15005330,64000000,234.45828125
2,0,MIT-BIH:105:197:MLII,55,15005330,64000000,234.45828125
2,0,MIT-BIH:105:197:MLII,56,15005330,64000000,234.45828125
2,0,MIT-BIH:105:197:MLII,57,15005330,64000000,234.45828125
2,0,MIT-BIH:105:197:MLII,58,15005330,64000000,234.45828125
2,0,MIT-BIH:105:197:MLII,59,15005330,64000000,234.45828125
2,0,MIT-BIH:105:197:MLII,60,15005330,64000000,234.45828125
2,0,MIT-BIH:105:197:MLII,61,15005330,64000000,234.45828125
2,0,MIT-BIH:105:197:MLII,62,15005330,64000000,234.45828125
2,0,MIT-BIH:105:197:MLII,63,15005330,64000000,234.45828125
2,0,MIT-BIH:105:197:MLII,64,15005330,64000000,234.45828125
2,0,MIT-BIH:105:197:MLII,65,15005330,64000000,234.45828125
2,0,MIT-BIH:105:197:MLII,66,15005330,64000000,234.45828125
2,0,MIT-BIH:105:197:MLII,67,15005330,64000000,234.45828125
2,0,MIT-BIH:105:197:MLII,68,15005330,64000000,234.45828125
2,0,MIT-BIH:105:197:MLII,69,15005330,64000000,234.45828125
2,0,MIT-BIH:105:197:MLII,70,15005330,64000000,234.45828125
2,0,MIT-BIH:105:197:MLII,71,15005330,64000000,234.45828125
2,0,MIT-BIH:105:197:MLII,72,15005330,64000000,234.45828125
2,0,MIT-BIH:105:197:MLII,73,15005330,64000000,234.45828125
2,0,MIT-BIH:105:197:MLII,74,15005330,64000000,234.45828125
2,0,MIT-BIH:105:197:MLII,75,15005330,64000000,234.45828125
2,0,MIT-BIH:105:197:MLII,76,15005330,64000000,234.45828125
2,0,MIT-BIH:105:197:MLII,77,15005330,64000000,234.45828125
2,0,MIT-BIH:105:197:MLII,78,15005330,64000000,234.45828125
2,0,MIT-BIH:105:197:MLII,79,15005330,64000000,234.45828125
2,0,MIT-BIH:105:197:MLII,80,15005330,64000000,234.45828125
2,0,MIT-BIH:105:197:MLII,81,15005330,64000000,234.45828125
2,0,MIT-BIH:105:197:MLII,82,15005330,64000000,234.45828125
2,0,MIT-BIH:105:197:MLII,83,15005330,64000000,234.45828125
2,0,MIT-BIH:105:197:MLII,84,15005330,64000000,234.45828125
2,0,MIT-BIH:105:197:MLII,85,15005330,64000000,234.45828125
2,0,MIT-BIH:105:197:MLII,86,15005330,64000000,234.45828125
2,0,MIT-BIH:105:197:MLII,87,15005330,64000000,234.45828125
2,0,MIT-BIH:105:197:MLII,88,15005330,64000000,234.45828125
2,0,MIT-BIH:105:197:MLII,89,15005330,64000000,234.45828125
2,0,MIT-BIH:105:197:MLII,90,15005330,64000000,234.45828125
2,0,MIT-BIH:105:197:MLII,91,15005330,64000000,234.45828125
2,0,MIT-BIH:105:197:MLII,92,15005330,64000000,234.45828125
2,0,MIT-BIH:105:197:MLII,93,15005330,64000000,234.45828125
2,0,MIT-BIH:105:197:MLII,94,15005330,64000000,234.45828125
2,0,MIT-BIH:105:197:MLII,95,15005330,64000000,234.45828125
2,0,MIT-BIH:105:197:MLII,96,15005330,64000000,234.45828125
2,0,MIT-BIH:105:197:MLII,97,15005330,64000000,234.45828125
2,0,MIT-BIH:105:197:MLII,98,15005330,64000000,234.45828125
2,0,MIT-BIH:105:197:MLII,99,15005330,64000000,234.45828125
3,0,MIT-BIH:105:197:MLII,0,28732243,64000000,448.94129687500003
3,0,MIT-BIH:105:197:MLII,1,28732243,64000000,448.94129687500003
3,0,MIT-BIH:105:197:MLII,2,28732243,64000000,448.94129687500003
3,0,MIT-BIH:105:197:MLII,3,28732243,64000000,448.94129687500003
3,0,MIT-BIH:105:197:MLII,4,28732243,64000000,448.94129687500003
3,0,MIT-BIH:105:197:MLII,5,28732243,64000000,448.94129687500003
3,0,MIT-BIH:105:197:MLII,6,28732243,64000000,448.94129687500003
3,0,MIT-BIH:105:197:MLII,7,28732243,64000000,448.94129687500003
3,0,MIT-BIH:105:197:MLII,8,28732243,64000000,448.94129687500003
3,0,MIT-BIH:105:197:MLII,9,28732243,64000000,448.94129687500003
3,0,MIT-BIH:105:197:MLII,10,28732243,64000000,448.94129687500003
3,0,MIT-BIH:105:197:MLII,11,28732243,64000000,448.94129687500003
3,0,MIT-BIH:105:197:MLII,12,28732243,64000000,448.94129687500003
3,0,MIT-BIH:105:197:MLII,13,28732243,64000000,448.94129687500003
3,0,MIT-BIH:105:197:MLII,14,28732243,64000000,448.94129687500003
3,0,MIT-BIH:105:197:MLII,15,28732243,64000000,448.94129687500003
3,0,MIT-BIH:105:197:MLII,16,28732243,64000000,448.94129687500003
3,0,MIT-BIH:105:197:MLII,17,28732243,64000000,448.94129687500003
3,0,MIT-BIH:105:197:MLII,18,28732243,64000000,448.94129687500003
3,0,MIT-BIH:105:197:MLII,19,28732243,64000000,448.94129687500003
3,0,MIT-BIH:105:197:MLII,20,28732243,64000000,448.94129687500003
3,0,MIT-BIH:105:197:MLII,21,28732243,64000000,448.94129687500003
3,0,MIT-BIH:105:197:MLII,22,28732243,64000000,448.94129687500003
3,0,MIT-BIH:105:197:MLII,23,28732243,64000000,448.94129687500003
3,0,MIT-BIH:105:197:MLII,24,28732243,64000000,448.94129687500003
3,0,MIT-BIH:105:197:MLII,25,28732243,64000000,448.94129687500003
3,0,MIT-BIH:105:197:MLII,26,28732243,64000000,448.94129687500003
3,0,MIT-BIH:105:197:MLII,27,28732243,64000000,448.94129687500003
3,0,MIT-BIH:105:197:MLII,28,28732243,64000000,448.94129687500003
3,0,MIT-BIH:105:197:MLII,29,28732243,64000000,448.94129687500003
3,0,MIT-BIH:105:197:MLII,30,28732243,64000000,448.94129687500003
3,0,MIT-BIH:105:197:MLII,31,28732243,64000000,448.94129687500003
3,0,MIT-BIH:105:197:MLII,32,28732243,64000000,448.94129687500003
3,0,MIT-BIH:105:197:MLII,33,28732243,64000000,448.94129687500003
3,0,MIT-BIH:105:197:MLII,34,28732243,64000000,448.94129687500003
3,0,MIT-BIH:105:197:MLII,35,28732243,64000000,448.94129687500003
3,0,MIT-BIH:105:197:MLII,36,28732243,64000000,448.94129687500003
3,0,MIT-BIH:105:197:MLII,37,28732243,64000000,448.94129687500003
3,0,MIT-BIH:105:197:MLII,38,28732243,64000000,448.94129687500003
3,0,MIT-BIH:105:197:MLII,39,28732243,64000000,448.94129687500003
3,0,MIT-BIH:105:197:MLII,40,28732243,64000000,448.94129687500003
3,0,MIT-BIH:105:197:MLII,41,28732243,64000000,448.94129687500003
3,0,MIT-BIH:105:197:MLII,42,28732243,64000000,448.94129687500003
3,0,MIT-BIH:105:197:MLII,43,28732243,64000000,448.94129687500003
3,0,MIT-BIH:105:197:MLII,44,28732243,64000000,448.94129687500003
3,0,MIT-BIH:105:197:MLII,45,28732243,64000000,448.94129687500003
3,0,MIT-BIH:105:197:MLII,46,28732243,64000000,448.94129687500003
3,0,MIT-BIH:105:197:MLII,47,28732243,64000000,448.94129687500003
3,0,MIT-BIH:105:197:MLII,48,28732243,64000000,448.94129687500003
3,0,MIT-BIH:105:197:MLII,49,28732243,64000000,448.94129687500003
3,0,MIT-BIH:105:197:MLII,50,28732243,64000000,448.94129687500003
3,0,MIT-BIH:105:197:MLII,51,28732243,64000000,448.94129687500003
3,0,MIT-BIH:105:197:MLII,52,28732243,64000000,448.94129687500003
3,0,MIT-BIH:105:197:MLII,53,28732243,64000000,448.94129687500003
3,0,MIT-BIH:105:197:MLII,54,28732243,64000000,448.94129687500003
3,0,MIT-BIH:105:197:MLII,55,28732243,64000000,448.94129687500003
3,0,MIT-BIH:105:197:MLII,56,28732243,64000000,448.94129687500003
3,0,MIT-BIH:105:197:MLII,57,28732243,64000000,448.94129687500003
3,0,MIT-BIH:105:197:MLII,58,28732243,64000000,448.94129687500003
3,0,MIT-BIH:105:197:MLII,59,28732243,64000000,448.94129687500003
3,0,MIT-BIH:105:197:MLII,60,28732243,64000000,448.94129687500003
3,0,MIT-BIH:105:197:MLII,61,28732243,64000000,448.94129687500003
3,0,MIT-BIH:105:197:MLII,62,28732243,64000000,448.94129687500003
3,0,MIT-BIH:105:197:MLII,63,28732243,64000000,448.94129687500003
3,0,MIT-BIH:105:197:MLII,64,28732243,64000000,448.94129687500003
3,0,MIT-BIH:105:197:MLII,65,28732243,64000000,448.94129687500003
3,0,MIT-BIH:105:197:MLII,66,28732243,64000000,448.94129687500003
3,0,MIT-BIH:105:197:MLII,67,28732243,64000000,448.94129687500003
3,0,MIT-BIH:105:197:MLII,68,28732243,64000000,448.94129687500003
3,0,MIT-BIH:105:197:MLII,69,28732243,64000000,448.94129687500003
3,0,MIT-BIH:105:197:MLII,70,28732243,64000000,448.94129687500003
3,0,MIT-BIH:105:197:MLII,71,28732243,64000000,448.94129687500003
3,0,MIT-BIH:105:197:MLII,72,28732243,64000000,448.94129687500003
3,0,MIT-BIH:105:197:MLII,73,28732243,64000000,448.94129687500003
3,0,MIT-BIH:105:197:MLII,74,28732243,64000000,448.94129687500003
3,0,MIT-BIH:105:197:MLII,75,28732243,64000000,448.94129687500003
3,0,MIT-BIH:105:197:MLII,76,28732243,64000000,448.94129687500003
3,0,MIT-BIH:105:197:MLII,77,28732243,64000000,448.94129687500003
3,0,MIT-BIH:105:197:MLII,78,28732243,64000000,448.94129687500003
3,0,MIT-BIH:105:197:MLII,79,28732243,64000000,448.94129687500003
3,0,MIT-BIH:105:197:MLII,80,28732243,64000000,448.94129687500003
3,0,MIT-BIH:105:197:MLII,81,28732243,64000000,448.94129687500003
3,0,MIT-BIH:105:197:MLII,82,28732243,64000000,448.94129687500003
3,0,MIT-BIH:105:197:MLII,83,28732243,64000000,448.94129687500003
3,0,MIT-BIH:105:197:MLII,84,28732243,64000000,448.94129687500003
3,0,MIT-BIH:105:197:MLII,85,28732243,64000000,448.94129687500003
3,0,MIT-BIH:105:197:MLII,86,28732243,64000000,448.94129687500003
3,0,MIT-BIH:105:197:MLII,87,28732243,64000000,448.94129687500003
3,0,MIT-BIH:105:197:MLII,88,28732243,64000000,448.94129687500003
3,0,MIT-BIH:105:197:MLII,89,28732243,64000000,448.94129687500003
3,0,MIT-BIH:105:197:MLII,90,28732243,64000000,448.94129687500003
3,0,MIT-BIH:105:197:MLII,91,28732243,64000000,448.94129687500003
3,0,MIT-BIH:105:197:MLII,92,28732243,64000000,448.94129687500003
3,0,MIT-BIH:105:197:MLII,93,28732243,64000000,448.94129687500003
3,0,MIT-BIH:105:197:MLII,94,28732243,64000000,448.94129687500003
3,0,MIT-BIH:105:197:MLII,95,28732243,64000000,448.94129687500003
3,0,MIT-BIH:105:197:MLII,96,28732243,64000000,448.94129687500003
3,0,MIT-BIH:105:197:MLII,97,28732243,64000000,448.94129687500003
3,0,MIT-BIH:105:197:MLII,98,28732243,64000000,448.94129687500003
3,0,MIT-BIH:105:197:MLII,99,28732243,64000000,448.94129687500003
4,0,MIT-BIH:105:197:MLII,0,55909295,64000000,873.582734375
4,0,MIT-BIH:105:197:MLII,1,55909295,64000000,873.582734375
4,0,MIT-BIH:105:197:MLII,2,55909295,64000000,873.582734375
4,0,MIT-BIH:105:197:MLII,3,55909295,64000000,873.582734375
4,0,MIT-BIH:105:197:MLII,4,55909295,64000000,873.582734375
4,0,MIT-BIH:105:197:MLII,5,55909295,64000000,873.582734375
4,0,MIT-BIH:105:197:MLII,6,55909295,64000000,873.582734375
4,0,MIT-BIH:105:197:MLII,7,55909295,64000000,873.582734375
4,0,MIT-BIH:105:197:MLII,8,55909295,64000000,873.582734375
4,0,MIT-BIH:105:197:MLII,9,55909295,64000000,873.582734375
4,0,MIT-BIH:105:197:MLII,10,55909295,64000000,873.582734375
4,0,MIT-BIH:105:197:MLII,11,55909295,64000000,873.582734375
4,0,MIT-BIH:105:197:MLII,12,55909295,64000000,873.582734375
4,0,MIT-BIH:105:197:MLII,13,55909295,64000000,873.582734375
4,0,MIT-BIH:105:197:MLII,14,55909295,64000000,873.582734375
4,0,MIT-BIH:105:197:MLII,15,55909295,64000000,873.582734375
4,0,MIT-BIH:105:197:MLII,16,55909295,64000000,873.582734375
4,0,MIT-BIH:105:197:MLII,17,55909295,64000000,873.582734375
4,0,MIT-BIH:105:197:MLII,18,55909295,64000000,873.582734375
4,0,MIT-BIH:105:197:MLII,19,55909295,64000000,873.582734375
4,0,MIT-BIH:105:197:MLII,20,55909295,64000000,873.582734375
4,0,MIT-BIH:105:197:MLII,21,55909295,64000000,873.582734375
4,0,MIT-BIH:105:197:MLII,22,55909295,64000000,873.582734375
4,0,MIT-BIH:105:197:MLII,23,55909295,64000000,873.582734375
4,0,MIT-BIH:105:197:MLII,24,55909295,64000000,873.582734375
4,0,MIT-BIH:105:197:MLII,25,55909295,64000000,873.582734375
4,0,MIT-BIH:105:197:MLII,26,55909295,64000000,873.582734375
4,0,MIT-BIH:105:197:MLII,27,55909295,64000000,873.582734375
4,0,MIT-BIH:105:197:MLII,28,55909295,64000000,873.582734375
4,0,MIT-BIH:105:197:MLII,29,55909295,64000000,873.582734375
4,0,MIT-BIH:105:197:MLII,30,55909295,64000000,873.582734375
4,0,MIT-BIH:105:197:MLII,31,55909295,64000000,873.582734375
4,0,MIT-BIH:105:197:MLII,32,55909295,64000000,873.582734375
4,0,MIT-BIH:105:197:MLII,33,55909295,64000000,873.582734375
4,0,MIT-BIH:105:197:MLII,34,55909295,64000000,873.582734375
4,0,MIT-BIH:105:197:MLII,35,55909295,64000000,873.582734375
4,0,MIT-BIH:105:197:MLII,36,55909295,64000000,873.582734375
4,0,MIT-BIH:105:197:MLII,37,55909295,64000000,873.582734375
4,0,MIT-BIH:105:197:MLII,38,55909295,64000000,873.582734375
4,0,MIT-BIH:105:197:MLII,39,55909295,64000000,873.582734375
4,0,MIT-BIH:105:197:MLII,40,55909295,64000000,873.582734375
4,0,MIT-BIH:105:197:MLII,41,55909295,64000000,873.582734375
4,0,MIT-BIH:105:197:MLII,42,55909295,64000000,873.582734375
4,0,MIT-BIH:105:197:MLII,43,55909295,64000000,873.582734375
4,0,MIT-BIH:105:197:MLII,44,55909295,64000000,873.582734375
4,0,MIT-BIH:105:197:MLII,45,55909295,64000000,873.582734375
4,0,MIT-BIH:105:197:MLII,46,55909295,64000000,873.582734375
4,0,MIT-BIH:105:197:MLII,47,55909295,64000000,873.582734375
4,0,MIT-BIH:105:197:MLII,48,55909295,64000000,873.582734375
4,0,MIT-BIH:105:197:MLII,49,55909295,64000000,873.582734375
4,0,MIT-BIH:105:197:MLII,50,55909295,64000000,873.582734375
4,0,MIT-BIH:105:197:MLII,51,55909295,64000000,873.582734375
4,0,MIT-BIH:105:197:MLII,52,55909295,64000000,873.582734375
4,0,MIT-BIH:105:197:MLII,53,55909295,64000000,873.582734375
4,0,MIT-BIH:105:197:MLII,54,55909295,64000000,873.582734375
4,0,MIT-BIH:105:197:MLII,55,55909295,64000000,873.582734375
4,0,MIT-BIH:105:197:MLII,56,55909295,64000000,873.582734375
4,0,MIT-BIH:105:197:MLII,57,55909295,64000000,873.582734375
4,0,MIT-BIH:105:197:MLII,58,55909295,64000000,873.582734375
4,0,MIT-BIH:105:197:MLII,59,55909295,64000000,873.582734375
4,0,MIT-BIH:105:197:MLII,60,55909295,64000000,873.582734375
4,0,MIT-BIH:105:197:MLII,61,55909295,64000000,873.582734375
4,0,MIT-BIH:105:197:MLII,62,55909295,64000000,873.582734375
4,0,MIT-BIH:105:197:MLII,63,55909295,64000000,873.582734375
4,0,MIT-BIH:105:197:MLII,64,55909295,64000000,873.582734375
4,0,MIT-BIH:105:197:MLII,65,55909295,64000000,873.582734375
4,0,MIT-BIH:105:197:MLII,66,55909295,64000000,873.582734375
4,0,MIT-BIH:105:197:MLII,67,55909295,64000000,873.582734375
4,0,MIT-BIH:105:197:MLII,68,55909295,64000000,873.582734375
4,0,MIT-BIH:105:197:MLII,69,55909295,64000000,873.582734375
4,0,MIT-BIH:105:197:MLII,70,55909295,64000000,873.582734375
4,0,MIT-BIH:105:197:MLII,71,55909295,64000000,873.582734375
4,0,MIT-BIH:105:197:MLII,72,55909295,64000000,873.582734375
4,0,MIT-BIH:105:197:MLII,73,55909295,64000000,873.582734375
4,0,MIT-BIH:105:197:MLII,74,55909295,64000000,873.582734375
4,0,MIT-BIH:105:197:MLII,75,55909295,64000000,873.582734375
4,0,MIT-BIH:105:197:MLII,76,55909295,64000000,873.582734375
4,0,MIT-BIH:105:197:MLII,77,55909295,64000000,873.582734375
4,0,MIT-BIH:105:197:MLII,78,55909295,64000000,873.582734375
4,0,MIT-BIH:105:197:MLII,79,55909295,64000000,873.582734375
4,0,MIT-BIH:105:197:MLII,80,55909295,64000000,873.582734375
4,0,MIT-BIH:105:197:MLII,81,55909295,64000000,873.582734375
4,0,MIT-BIH:105:197:MLII,82,55909295,64000000,873.582734375
4,0,MIT-BIH:105:197:MLII,83,55909295,64000000,873.582734375
4,0,MIT-BIH:105:197:MLII,84,55909295,64000000,873.582734375
4,0,MIT-BIH:105:197:MLII,85,55909295,64000000,873.582734375
4,0,MIT-BIH:105:197:MLII,86,55909295,64000000,873.582734375
4,0,MIT-BIH:105:197:MLII,87,55909295,64000000,873.582734375
4,0,MIT-BIH:105:197:MLII,88,55909295,64000000,873.582734375
4,0,MIT-BIH:105:197:MLII,89,55909295,64000000,873.582734375
4,0,MIT-BIH:105:197:MLII,90,55909295,64000000,873.582734375
4,0,MIT-BIH:105:197:MLII,91,55909295,64000000,873.582734375
4,0,MIT-BIH:105:197:MLII,92,55909295,64000000,873.582734375
4,0,MIT-BIH:105:197:MLII,93,55909295,64000000,873.582734375
4,0,MIT-BIH:105:197:MLII,94,55909295,64000000,873.582734375
4,0,MIT-BIH:105:197:MLII,95,55909295,64000000,873.582734375
4,0,MIT-BIH:105:197:MLII,96,55909295,64000000,873.582734375
4,0,MIT-BIH:105:197:MLII,97,55909295,64000000,873.582734375
4,0,MIT-BIH:105:197:MLII,98,55909295,64000000,873.582734375
4,0,MIT-BIH:105:197:MLII,99,55909295,64000000,873.582734375
5,0,MIT-BIH:105:197:MLII,0,76192752,64000000,1190.51175
5,0,MIT-BIH:105:197:MLII,1,76192752,64000000,1190.51175
5,0,MIT-BIH:105:197:MLII,2,76192752,64000000,1190.51175
5,0,MIT-BIH:105:197:MLII,3,76192752,64000000,1190.51175
5,0,MIT-BIH:105:197:MLII,4,76192752,64000000,1190.51175
5,0,MIT-BIH:105:197:MLII,5,76192752,64000000,1190.51175
5,0,MIT-BIH:105:197:MLII,6,76192752,64000000,1190.51175
5,0,MIT-BIH:105:197:MLII,7,76192752,64000000,1190.51175
5,0,MIT-BIH:105:197:MLII,8,76192752,64000000,1190.51175
5,0,MIT-BIH:105:197:MLII,9,76192752,64000000,1190.51175
5,0,MIT-BIH:105:197:MLII,10,76192752,64000000,1190.51175
5,0,MIT-BIH:105:197:MLII,11,76192752,64000000,1190.51175
5,0,MIT-BIH:105:197:MLII,12,76192752,64000000,1190.51175
5,0,MIT-BIH:105:197:MLII,13,76192752,64000000,1190.51175
5,0,MIT-BIH:105:197:MLII,14,76192752,64000000,1190.51175
5,0,MIT-BIH:105:197:MLII,15,76192752,64000000,1190.51175
5,0,MIT-BIH:105:197:MLII,16,76192752,64000000,1190.51175
5,0,MIT-BIH:105:197:MLII,17,76192752,64000000,1190.51175
5,0,MIT-BIH:105:197:MLII,18,76192752,64000000,1190.51175
5,0,MIT-BIH:105:197:MLII,19,76192752,64000000,1190.51175
5,0,MIT-BIH:105:197:MLII,20,76192752,64000000,1190.51175
5,0,MIT-BIH:105:197:MLII,21,76192752,64000000,1190.51175
5,0,MIT-BIH:105:197:MLII,22,76192752,64000000,1190.51175
5,0,MIT-BIH:105:197:MLII,23,76192752,64000000,1190.51175
5,0,MIT-BIH:105:197:MLII,24,76192752,64000000,1190.51175
5,0,MIT-BIH:105:197:MLII,25,76192752,64000000,1190.51175
5,0,MIT-BIH:105:197:MLII,26,76192752,64000000,1190.51175
5,0,MIT-BIH:105:197:MLII,27,76192752,64000000,1190.51175
5,0,MIT-BIH:105:197:MLII,28,76192752,64000000,1190.51175
5,0,MIT-BIH:105:197:MLII,29,76192752,64000000,1190.51175
5,0,MIT-BIH:105:197:MLII,30,76192752,64000000,1190.51175
5,0,MIT-BIH:105:197:MLII,31,76192752,64000000,1190.51175
5,0,MIT-BIH:105:197:MLII,32,76192752,64000000,1190.51175
5,0,MIT-BIH:105:197:MLII,33,76192752,64000000,1190.51175
5,0,MIT-BIH:105:197:MLII,34,76192752,64000000,1190.51175
5,0,MIT-BIH:105:197:MLII,35,76192752,64000000,1190.51175
5,0,MIT-BIH:105:197:MLII,36,76192752,64000000,1190.51175
5,0,MIT-BIH:105:197:MLII,37,76192752,64000000,1190.51175
5,0,MIT-BIH:105:197:MLII,38,76192752,64000000,1190.51175
5,0,MIT-BIH:105:197:MLII,39,76192752,64000000,1190.51175
5,0,MIT-BIH:105:197:MLII,40,76192752,64000000,1190.51175
5,0,MIT-BIH:105:197:MLII,41,76192752,64000000,1190.51175
5,0,MIT-BIH:105:197:MLII,42,76192752,64000000,1190.51175
5,0,MIT-BIH:105:197:MLII,43,76192752,64000000,1190.51175
5,0,MIT-BIH:105:197:MLII,44,76192752,64000000,1190.51175
5,0,MIT-BIH:105:197:MLII,45,76192752,64000000,1190.51175
5,0,MIT-BIH:105:197:MLII,46,76192752,64000000,1190.51175
5,0,MIT-BIH:105:197:MLII,47,76192752,64000000,1190.51175
5,0,MIT-BIH:105:197:MLII,48,76192752,64000000,1190.51175
5,0,MIT-BIH:105:197:MLII,49,76192752,64000000,1190.51175
5,0,MIT-BIH:105:197:MLII,50,76192752,64000000,1190.51175
5,0,MIT-BIH:105:197:MLII,51,76192752,64000000,1190.51175
5,0,MIT-BIH:105:197:MLII,52,76192752,64000000,1190.51175
5,0,MIT-BIH:105:197:MLII,53,76192752,64000000,1190.51175
5,0,MIT-BIH:105:197:MLII,54,76192752,64000000,1190.51175
5,0,MIT-BIH:105:197:MLII,55,76192752,64000000,1190.51175
5,0,MIT-BIH:105:197:MLII,56,76192752,64000000,1190.51175
5,0,MIT-BIH:105:197:MLII,57,76192752,64000000,1190.51175
5,0,MIT-BIH:105:197:MLII,58,76192752,64000000,1190.51175
5,0,MIT-BIH:105:197:MLII,59,76192752,64000000,1190.51175
5,0,MIT-BIH:105:197:MLII,60,76192752,64000000,1190.51175
5,0,MIT-BIH:105:197:MLII,61,76192752,64000000,1190.51175
5,0,MIT-BIH:105:197:MLII,62,76192752,64000000,1190.51175
5,0,MIT-BIH:105:197:MLII,63,76192752,64000000,1190.51175
5,0,MIT-BIH:105:197:MLII,64,76192752,64000000,1190.51175
5,0,MIT-BIH:105:197:MLII,65,76192752,64000000,1190.51175
5,0,MIT-BIH:105:197:MLII,66,76192752,64000000,1190.51175
5,0,MIT-BIH:105:197:MLII,67,76192752,64000000,1190.51175
5,0,MIT-BIH:105:197:MLII,68,76192752,64000000,1190.51175
5,0,MIT-BIH:105:197:MLII,69,76192752,64000000,1190.51175
5,0,MIT-BIH:105:197:MLII,70,76192752,64000000,1190.51175
5,0,MIT-BIH:105:197:MLII,71,76192752,64000000,1190.51175
5,0,MIT-BIH:105:197:MLII,72,76192752,64000000,1190.51175
5,0,MIT-BIH:105:197:MLII,73,76192752,64000000,1190.51175
5,0,MIT-BIH:105:197:MLII,74,76192752,64000000,1190.51175
5,0,MIT-BIH:105:197:MLII,75,76192752,64000000,1190.51175
5,0,MIT-BIH:105:197:MLII,76,76192752,64000000,1190.51175
5,0,MIT-BIH:105:197:MLII,77,76192752,64000000,1190.51175
5,0,MIT-BIH:105:197:MLII,78,76192752,64000000,1190.51175
5,0,MIT-BIH:105:197:MLII,79,76192752,64000000,1190.51175
5,0,MIT-BIH:105:197:MLII,80,76192752,64000000,1190.51175
5,0,MIT-BIH:105:197:MLII,81,76192752,64000000,1190.51175
5,0,MIT-BIH:105:197:MLII,82,76192752,64000000,1190.51175
5,0,MIT-BIH:105:197:MLII,83,76192752,64000000,1190.51175
5,0,MIT-BIH:105:197:MLII,84,76192752,64000000,1190.51175
5,0,MIT-BIH:105:197:MLII,85,76192752,64000000,1190.51175
5,0,MIT-BIH:105:197:MLII,86,76192752,64000000,1190.51175
5,0,MIT-BIH:105:197:MLII,87,76192752,64000000,1190.51175
5,0,MIT-BIH:105:197:MLII,88,76192752,64000000,1190.51175
5,0,MIT-BIH:105:197:MLII,89,76192752,64000000,1190.51175
5,0,MIT-BIH:105:197:MLII,90,76192752,64000000,1190.51175
5,0,MIT-BIH:105:197:MLII,91,76192752,64000000,1190.51175
5,0,MIT-BIH:105:197:MLII,92,76192752,64000000,1190.51175
5,0,MIT-BIH:105:197:MLII,93,76192752,64000000,1190.51175
5,0,MIT-BIH:105:197:MLII,94,76192752,64000000,1190.51175
5,0,MIT-BIH:105:197:MLII,95,76192752,64000000,1190.51175
5,0,MIT-BIH:105:197:MLII,96,76192752,64000000,1190.51175
5,0,MIT-BIH:105:197:MLII,97,76192752,64000000,1190.51175
5,0,MIT-BIH:105:197:MLII,98,76192752,64000000,1190.51175
5,0,MIT-BIH:105:197:MLII,99,76192752,64000000,1190.51175
6,0,MIT-BIH:105:197:MLII,0,106529625,64000000,1664.525390625
6,0,MIT-BIH:105:197:MLII,1,106529625,64000000,1664.525390625
6,0,MIT-BIH:105:197:MLII,2,106529625,64000000,1664.525390625
6,0,MIT-BIH:105:197:MLII,3,106529625,64000000,1664.525390625
6,0,MIT-BIH:105:197:MLII,4,106529625,64000000,1664.525390625
6,0,MIT-BIH:105:197:MLII,5,106529625,64000000,1664.525390625
6,0,MIT-BIH:105:197:MLII,6,106529625,64000000,1664.525390625
6,0,MIT-BIH:105:197:MLII,7,106529625,64000000,1664.525390625
6,0,MIT-BIH:105:197:MLII,8,106529625,64000000,1664.525390625
6,0,MIT-BIH:105:197:MLII,9,106529625,64000000,1664.525390625
6,0,MIT-BIH:105:197:MLII,10,106529625,64000000,1664.525390625
6,0,MIT-BIH:105:197:MLII,11,106529625,64000000,1664.525390625
6,0,MIT-BIH:105:197:MLII,12,106529625,64000000,1664.525390625
6,0,MIT-BIH:105:197:MLII,13,106529625,64000000,1664.525390625
6,0,MIT-BIH:105:197:MLII,14,106529625,64000000,1664.525390625
6,0,MIT-BIH:105:197:MLII,15,106529625,64000000,1664.525390625
6,0,MIT-BIH:105:197:MLII,16,106529625,64000000,1664.525390625
6,0,MIT-BIH:105:197:MLII,17,106529625,64000000,1664.525390625
6,0,MIT-BIH:105:197:MLII,18,106529625,64000000,1664.525390625
6,0,MIT-BIH:105:197:MLII,19,106529625,64000000,1664.525390625
6,0,MIT-BIH:105:197:MLII,20,106529625,64000000,1664.525390625
6,0,MIT-BIH:105:197:MLII,21,106529625,64000000,1664.525390625
6,0,MIT-BIH:105:197:MLII,22,106529625,64000000,1664.525390625
6,0,MIT-BIH:105:197:MLII,23,106529625,64000000,1664.525390625
6,0,MIT-BIH:105:197:MLII,24,106529625,64000000,1664.525390625
6,0,MIT-BIH:105:197:MLII,25,106529625,64000000,1664.525390625
6,0,MIT-BIH:105:197:MLII,26,106529625,64000000,1664.525390625
6,0,MIT-BIH:105:197:MLII,27,106529625,64000000,1664.525390625
6,0,MIT-BIH:105:197:MLII,28,106529625,64000000,1664.525390625
6,0,MIT-BIH:105:197:MLII,29,106529625,64000000,1664.525390625
6,0,MIT-BIH:105:197:MLII,30,106529625,64000000,1664.525390625
6,0,MIT-BIH:105:197:MLII,31,106529625,64000000,1664.525390625
6,0,MIT-BIH:105:197:MLII,32,106529625,64000000,1664.525390625
6,0,MIT-BIH:105:197:MLII,33,106529625,64000000,1664.525390625
6,0,MIT-BIH:105:197:MLII,34,106529625,64000000,1664.525390625
6,0,MIT-BIH:105:197:MLII,35,106529625,64000000,1664.525390625
6,0,MIT-BIH:105:197:MLII,36,106529625,64000000,1664.525390625
6,0,MIT-BIH:105:197:MLII,37,106529625,64000000,1664.525390625
6,0,MIT-BIH:105:197:MLII,38,106529625,64000000,1664.525390625
6,0,MIT-BIH:105:197:MLII,39,106529625,64000000,1664.525390625
6,0,MIT-BIH:105:197:MLII,40,106529625,64000000,1664.525390625
6,0,MIT-BIH:105:197:MLII,41,106529625,64000000,1664.525390625
6,0,MIT-BIH:105:197:MLII,42,106529625,64000000,1664.525390625
6,0,MIT-BIH:105:197:MLII,43,106529625,64000000,1664.525390625
6,0,MIT-BIH:105:197:MLII,44,106529625,64000000,1664.525390625
6,0,MIT-BIH:105:197:MLII,45,106529625,64000000,1664.525390625
6,0,MIT-BIH:105:197:MLII,46,106529625,64000000,1664.525390625
6,0,MIT-BIH:105:197:MLII,47,106529625,64000000,1664.525390625
6,0,MIT-BIH:105:197:MLII,48,106529625,64000000,1664.525390625
6,0,MIT-BIH:105:197:MLII,49,106529625,64000000,1664.525390625
6,0,MIT-BIH:105:197:MLII,50,106529625,64000000,1664.525390625
6,0,MIT-BIH:105:197:MLII,51,106529625,64000000,1664.525390625
6,0,MIT-BIH:105:197:MLII,52,106529625,64000000,1664.525390625
6,0,MIT-BIH:105:197:MLII,53,106529625,64000000,1664.525390625
6,0,MIT-BIH:105:197:MLII,54,106529625,64000000,1664.525390625
6,0,MIT-BIH:105:197:MLII,55,106529625,64000000,1664.525390625
6,0,MIT-BIH:105:197:MLII,56,106529625,64000000,1664.525390625
6,0,MIT-BIH:105:197:MLII,57,106529625,64000000,1664.525390625
6,0,MIT-BIH:105:197:MLII,58,106529625,64000000,1664.525390625
6,0,MIT-BIH:105:197:MLII,59,106529625,64000000,1664.525390625
6,0,MIT-BIH:105:197:MLII,60,106529625,64000000,1664.525390625
6,0,MIT-BIH:105:197:MLII,61,106529625,64000000,1664.525390625
6,0,MIT-BIH:105:197:MLII,62,106529625,64000000,1664.525390625
6,0,MIT-BIH:105:197:MLII,63,106529625,64000000,1664.525390625
6,0,MIT-BIH:105:197:MLII,64,106529625,64000000,1664.525390625
6,0,MIT-BIH:105:197:MLII,65,106529625,64000000,1664.525390625
6,0,MIT-BIH:105:197:MLII,66,106529625,64000000,1664.525390625
6,0,MIT-BIH:105:197:MLII,67,106529625,64000000,1664.525390625
6,0,MIT-BIH:105:197:MLII,68,106529625,64000000,1664.525390625
6,0,MIT-BIH:105:197:MLII,69,106529625,64000000,1664.525390625
6,0,MIT-BIH:105:197:MLII,70,106529625,64000000,1664.525390625
6,0,MIT-BIH:105:197:MLII,71,106529625,64000000,1664.525390625
6,0,MIT-BIH:105:197:MLII,72,106529625,64000000,1664.525390625
6,0,MIT-BIH:105:197:MLII,73,106529625,64000000,1664.525390625
6,0,MIT-BIH:105:197:MLII,74,106529625,64000000,1664.525390625
6,0,MIT-BIH:105:197:MLII,75,106529625,64000000,1664.525390625
6,0,MIT-BIH:105:197:MLII,76,106529625,64000000,1664.525390625
6,0,MIT-BIH:105:197:MLII,77,106529625,64000000,1664.525390625
6,0,MIT-BIH:105:197:MLII,78,106529625,64000000,1664.525390625
6,0,MIT-BIH:105:197:MLII,79,106529625,64000000,1664.525390625
6,0,MIT-BIH:105:197:MLII,80,106529625,64000000,1664.525390625
6,0,MIT-BIH:105:197:MLII,81,106529625,64000000,1664.525390625
6,0,MIT-BIH:105:197:MLII,82,106529625,64000000,1664.525390625
6,0,MIT-BIH:105:197:MLII,83,106529625,64000000,1664.525390625
6,0,MIT-BIH:105:197:MLII,84,106529625,64000000,1664.525390625
6,0,MIT-BIH:105:197:MLII,85,106529625,64000000,1664.525390625
6,0,MIT-BIH:105:197:MLII,86,106529625,64000000,1664.525390625
6,0,MIT-BIH:105:197:MLII,87,106529625,64000000,1664.525390625
6,0,MIT-BIH:105:197:MLII,88,106529625,64000000,1664.525390625
6,0,MIT-BIH:105:197:MLII,89,106529625,64000000,1664.525390625
6,0,MIT-BIH:105:197:MLII,90,106529625,64000000,1664.525390625
6,0,MIT-BIH:105:197:MLII,91,106529625,64000000,1664.525390625
6,0,MIT-BIH:105:197:MLII,92,106529625,64000000,1664.525390625
6,0,MIT-BIH:105:197:MLII,93,106529625,64000000,1664.525390625
6,0,MIT-BIH:105:197:MLII,94,106529625,64000000,1664.525390625
6,0,MIT-BIH:105:197:MLII,95,106529625,64000000,1664.525390625
6,0,MIT-BIH:105:197:MLII,96,106529625,64000000,1664.525390625
6,0,MIT-BIH:105:197:MLII,97,106529625,64000000,1664.525390625
6,0,MIT-BIH:105:197:MLII,98,106529625,64000000,1664.525390625
6,0,MIT-BIH:105:197:MLII,99,106529625,64000000,1664.525390625
7,0,MIT-BIH:105:197:MLII,0,126596154,64000000,1978.06490625
7,0,MIT-BIH:105:197:MLII,1,126596154,64000000,1978.06490625
7,0,MIT-BIH:105:197:MLII,2,126596154,64000000,1978.06490625
7,0,MIT-BIH:105:197:MLII,3,126596154,64000000,1978.06490625
7,0,MIT-BIH:105:197:MLII,4,126596154,64000000,1978.06490625
7,0,MIT-BIH:105:197:MLII,5,126596154,64000000,1978.06490625
7,0,MIT-BIH:105:197:MLII,6,126596154,64000000,1978.06490625
7,0,MIT-BIH:105:197:MLII,7,126596154,64000000,1978.06490625
7,0,MIT-BIH:105:197:MLII,8,126596154,64000000,1978.06490625
7,0,MIT-BIH:105:197:MLII,9,126596154,64000000,1978.06490625
7,0,MIT-BIH:105:197:MLII,10,126596154,64000000,1978.06490625
7,0,MIT-BIH:105:197:MLII,11,126596154,64000000,1978.06490625
7,0,MIT-BIH:105:197:MLII,12,126596154,64000000,1978.06490625
7,0,MIT-BIH:105:197:MLII,13,126596154,64000000,1978.06490625
7,0,MIT-BIH:105:197:MLII,14,126596154,64000000,1978.06490625
7,0,MIT-BIH:105:197:MLII,15,126596154,64000000,1978.06490625
7,0,MIT-BIH:105:197:MLII,16,126596154,64000000,1978.06490625
7,0,MIT-BIH:105:197:MLII,17,126596154,64000000,1978.06490625
7,0,MIT-BIH:105:197:MLII,18,126596154,64000000,1978.06490625
7,0,MIT-BIH:105:197:MLII,19,126596154,64000000,1978.06490625
7,0,MIT-BIH:105:197:MLII,20,126596154,64000000,1978.06490625
7,0,MIT-BIH:105:197:MLII,21,126596154,64000000,1978.06490625
7,0,MIT-BIH:105:197:MLII,22,126596154,64000000,1978.06490625
7,0,MIT-BIH:105:197:MLII,23,126596154,64000000,1978.06490625
7,0,MIT-BIH:105:197:MLII,24,126596154,64000000,1978.06490625
7,0,MIT-BIH:105:197:MLII,25,126596154,64000000,1978.06490625
7,0,MIT-BIH:105:197:MLII,26,126596154,64000000,1978.06490625
7,0,MIT-BIH:105:197:MLII,27,126596154,64000000,1978.06490625
7,0,MIT-BIH:105:197:MLII,28,126596154,64000000,1978.06490625
7,0,MIT-BIH:105:197:MLII,29,126596154,64000000,1978.06490625
7,0,MIT-BIH:105:197:MLII,30,126596154,64000000,1978.06490625
7,0,MIT-BIH:105:197:MLII,31,126596154,64000000,1978.06490625
7,0,MIT-BIH:105:197:MLII,32,126596154,64000000,1978.06490625
7,0,MIT-BIH:105:197:MLII,33,126596154,64000000,1978.06490625
7,0,MIT-BIH:105:197:MLII,34,126596154,64000000,1978.06490625
7,0,MIT-BIH:105:197:MLII,35,126596154,64000000,1978.06490625
7,0,MIT-BIH:105:197:MLII,36,126596154,64000000,1978.06490625
7,0,MIT-BIH:105:197:MLII,37,126596154,64000000,1978.06490625
7,0,MIT-BIH:105:197:MLII,38,126596154,64000000,1978.06490625
7,0,MIT-BIH:105:197:MLII,39,126596154,64000000,1978.06490625
7,0,MIT-BIH:105:197:MLII,40,126596154,64000000,1978.06490625
7,0,MIT-BIH:105:197:MLII,41,126596154,64000000,1978.06490625
7,0,MIT-BIH:105:197:MLII,42,126596154,64000000,1978.06490625
7,0,MIT-BIH:105:197:MLII,43,126596154,64000000,1978.06490625
7,0,MIT-BIH:105:197:MLII,44,126596154,64000000,1978.06490625
7,0,MIT-BIH:105:197:MLII,45,126596154,64000000,1978.06490625
7,0,MIT-BIH:105:197:MLII,46,126596154,64000000,1978.06490625
7,0,MIT-BIH:105:197:MLII,47,126596154,64000000,1978.06490625
7,0,MIT-BIH:105:197:MLII,48,126596154,64000000,1978.06490625
7,0,MIT-BIH:105:197:MLII,49,126596154,64000000,1978.06490625
7,0,MIT-BIH:105:197:MLII,50,126596154,64000000,1978.06490625
7,0,MIT-BIH:105:197:MLII,51,126596154,64000000,1978.06490625
7,0,MIT-BIH:105:197:MLII,52,126596154,64000000,1978.06490625
7,0,MIT-BIH:105:197:MLII,53,126596154,64000000,1978.06490625
7,0,MIT-BIH:105:197:MLII,54,126596154,64000000,1978.06490625
7,0,MIT-BIH:105:197:MLII,55,126596154,64000000,1978.06490625
7,0,MIT-BIH:105:197:MLII,56,126596154,64000000,1978.06490625
7,0,MIT-BIH:105:197:MLII,57,126596154,64000000,1978.06490625
7,0,MIT-BIH:105:197:MLII,58,126596154,64000000,1978.06490625
7,0,MIT-BIH:105:197:MLII,59,126596154,64000000,1978.06490625
7,0,MIT-BIH:105:197:MLII,60,126596154,64000000,1978.06490625
7,0,MIT-BIH:105:197:MLII,61,126596154,64000000,1978.06490625
7,0,MIT-BIH:105:197:MLII,62,126596154,64000000,1978.06490625
7,0,MIT-BIH:105:197:MLII,63,126596154,64000000,1978.06490625
7,0,MIT-BIH:105:197:MLII,64,126596154,64000000,1978.06490625
7,0,MIT-BIH:105:197:MLII,65,126596154,64000000,1978.06490625
7,0,MIT-BIH:105:197:MLII,66,126596154,64000000,1978.06490625
7,0,MIT-BIH:105:197:MLII,67,126596154,64000000,1978.06490625
7,0,MIT-BIH:105:197:MLII,68,126596154,64000000,1978.06490625
7,0,MIT-BIH:105:197:MLII,69,126596154,64000000,1978.06490625
7,0,MIT-BIH:105:197:MLII,70,126596154,64000000,1978.06490625
7,0,MIT-BIH:105:197:MLII,71,126596154,64000000,1978.06490625
7,0,MIT-BIH:105:197:MLII,72,126596154,64000000,1978.06490625
7,0,MIT-BIH:105:197:MLII,73,126596154,64000000,1978.06490625
7,0,MIT-BIH:105:197:MLII,74,126596154,64000000,1978.06490625
7,0,MIT-BIH:105:197:MLII,75,126596154,64000000,1978.06490625
7,0,MIT-BIH:105:197:MLII,76,126596154,64000000,1978.06490625
7,0,MIT-BIH:105:197:MLII,77,126596154,64000000,1978.06490625
7,0,MIT-BIH:105:197:MLII,78,126596154,64000000,1978.06490625
7,0,MIT-BIH:105:197:MLII,79,126596154,64000000,1978.06490625
7,0,MIT-BIH:105:197:MLII,80,126596154,64000000,1978.06490625
7,0,MIT-BIH:105:197:MLII,81,126596154,64000000,1978.06490625
7,0,MIT-BIH:105:197:MLII,82,126596154,64000000,1978.06490625
7,0,MIT-BIH:105:197:MLII,83,126596154,64000000,1978.06490625
7,0,MIT-BIH:105:197:MLII,84,126596154,64000000,1978.06490625
7,0,MIT-BIH:105:197:MLII,85,126596154,64000000,1978.06490625
7,0,MIT-BIH:105:197:MLII,86,126596154,64000000,1978.06490625
7,0,MIT-BIH:105:197:MLII,87,126596154,64000000,1978.06490625
7,0,MIT-BIH:105:197:MLII,88,126596154,64000000,1978.06490625
7,0,MIT-BIH:105:197:MLII,89,126596154,64000000,1978.06490625
7,0,MIT-BIH:105:197:MLII,90,126596154,64000000,1978.06490625
7,0,MIT-BIH:105:197:MLII,91,126596154,64000000,1978.06490625
7,0,MIT-BIH:105:197:MLII,92,126596154,64000000,1978.06490625
7,0,MIT-BIH:105:197:MLII,93,126596154,64000000,1978.06490625
7,0,MIT-BIH:105:197:MLII,94,126596154,64000000,1978.06490625
7,0,MIT-BIH:105:197:MLII,95,126596154,64000000,1978.06490625
7,0,MIT-BIH:105:197:MLII,96,126596154,64000000,1978.06490625
7,0,MIT-BIH:105:197:MLII,97,126596154,64000000,1978.06490625
7,0,MIT-BIH:105:197:MLII,98,126596154,64000000,1978.06490625
7,0,MIT-BIH:105:197:MLII,99,126596154,64000000,1978.06490625
8,0,MIT-BIH:105:197:MLII,0,153318934,64000000,2395.60834375
8,0,MIT-BIH:105:197:MLII,1,153318934,64000000,2395.60834375
8,0,MIT-BIH:105:197:MLII,2,153318934,64000000,2395.60834375
8,0,MIT-BIH:105:197:MLII,3,153318934,64000000,2395.60834375
8,0,MIT-BIH:105:197:MLII,4,153318934,64000000,2395.60834375
8,0,MIT-BIH:105:197:MLII,5,153318934,64000000,2395.60834375
8,0,MIT-BIH:105:197:MLII,6,153318934,64000000,2395.60834375
8,0,MIT-BIH:105:197:MLII,7,153318934,64000000,2395.60834375
8,0,MIT-BIH:105:197:MLII,8,153318934,64000000,2395.60834375
8,0,MIT-BIH:105:197:MLII,9,153318934,64000000,2395.60834375
8,0,MIT-BIH:105:197:MLII,10,153318934,64000000,2395.60834375
8,0,MIT-BIH:105:197:MLII,11,153318934,64000000,2395.60834375
8,0,MIT-BIH:105:197:MLII,12,153318934,64000000,2395.60834375
8,0,MIT-BIH:105:197:MLII,13,153318934,64000000,2395.60834375
8,0,MIT-BIH:105:197:MLII,14,153318934,64000000,2395.60834375
8,0,MIT-BIH:105:197:MLII,15,153318934,64000000,2395.60834375
8,0,MIT-BIH:105:197:MLII,16,153318934,64000000,2395.60834375
8,0,MIT-BIH:105:197:MLII,17,153318934,64000000,2395.60834375
8,0,MIT-BIH:105:197:MLII,18,153318934,64000000,2395.60834375
8,0,MIT-BIH:105:197:MLII,19,153318934,64000000,2395.60834375
8,0,MIT-BIH:105:197:MLII,20,153318934,64000000,2395.60834375
8,0,MIT-BIH:105:197:MLII,21,153318934,64000000,2395.60834375
8,0,MIT-BIH:105:197:MLII,22,153318934,64000000,2395.60834375
8,0,MIT-BIH:105:197:MLII,23,153318934,64000000,2395.60834375
8,0,MIT-BIH:105:197:MLII,24,153318934,64000000,2395.60834375
8,0,MIT-BIH:105:197:MLII,25,153318934,64000000,2395.60834375
8,0,MIT-BIH:105:197:MLII,26,153318934,64000000,2395.60834375
8,0,MIT-BIH:105:197:MLII,27,153318934,64000000,2395.60834375
8,0,MIT-BIH:105:197:MLII,28,153318934,64000000,2395.60834375
8,0,MIT-BIH:105:197:MLII,29,153318934,64000000,2395.60834375
8,0,MIT-BIH:105:197:MLII,30,153318934,64000000,2395.60834375
8,0,MIT-BIH:105:197:MLII,31,153318934,64000000,2395.60834375
8,0,MIT-BIH:105:197:MLII,32,153318934,64000000,2395.60834375
8,0,MIT-BIH:105:197:MLII,33,153318934,64000000,2395.60834375
8,0,MIT-BIH:105:197:MLII,34,153318934,64000000,2395.60834375
8,0,MIT-BIH:105:197:MLII,35,153318934,64000000,2395.60834375
8,0,MIT-BIH:105:197:MLII,36,153318934,64000000,2395.60834375
8,0,MIT-BIH:105:197:MLII,37,153318934,64000000,2395.60834375
8,0,MIT-BIH:105:197:MLII,38,153318934,64000000,2395.60834375
8,0,MIT-BIH:105:197:MLII,39,153318934,64000000,2395.60834375
8,0,MIT-BIH:105:197:MLII,40,153318934,64000000,2395.60834375
8,0,MIT-BIH:105:197:MLII,41,153318934,64000000,2395.60834375
8,0,MIT-BIH:105:197:MLII,42,153318934,64000000,2395.60834375
8,0,MIT-BIH:105:197:MLII,43,153318934,64000000,2395.60834375
8,0,MIT-BIH:105:197:MLII,44,153318934,64000000,2395.60834375
8,0,MIT-BIH:105:197:MLII,45,153318934,64000000,2395.60834375
8,0,MIT-BIH:105:197:MLII,46,153318934,64000000,2395.60834375
8,0,MIT-BIH:105:197:MLII,47,153318934,64000000,2395.60834375
8,0,MIT-BIH:105:197:MLII,48,153318934,64000000,2395.60834375
8,0,MIT-BIH:105:197:MLII,49,153318934,64000000,2395.60834375
8,0,MIT-BIH:105:197:MLII,50,153318934,64000000,2395.60834375
8,0,MIT-BIH:105:197:MLII,51,153318934,64000000,2395.60834375
8,0,MIT-BIH:105:197:MLII,52,153318934,64000000,2395.60834375
8,0,MIT-BIH:105:197:MLII,53,153318934,64000000,2395.60834375
8,0,MIT-BIH:105:197:MLII,54,153318934,64000000,2395.60834375
8,0,MIT-BIH:105:197:MLII,55,153318934,64000000,2395.60834375
8,0,MIT-BIH:105:197:MLII,56,153318934,64000000,2395.60834375
8,0,MIT-BIH:105:197:MLII,57,153318934,64000000,2395.60834375
8,0,MIT-BIH:105:197:MLII,58,153318934,64000000,2395.60834375
8,0,MIT-BIH:105:197:MLII,59,153318934,64000000,2395.60834375
8,0,MIT-BIH:105:197:MLII,60,153318934,64000000,2395.60834375
8,0,MIT-BIH:105:197:MLII,61,153318934,64000000,2395.60834375
8,0,MIT-BIH:105:197:MLII,62,153318934,64000000,2395.60834375
8,0,MIT-BIH:105:197:MLII,63,153318934,64000000,2395.60834375
8,0,MIT-BIH:105:197:MLII,64,153318934,64000000,2395.60834375
8,0,MIT-BIH:105:197:MLII,65,153318934,64000000,2395.60834375
8,0,MIT-BIH:105:197:MLII,66,153318934,64000000,2395.60834375
8,0,MIT-BIH:105:197:MLII,67,153318934,64000000,2395.60834375
8,0,MIT-BIH:105:197:MLII,68,153318934,64000000,2395.60834375
8,0,MIT-BIH:105:197:MLII,69,153318934,64000000,2395.60834375
8,0,MIT-BIH:105:197:MLII,70,153318934,64000000,2395.60834375
8,0,MIT-BIH:105:197:MLII,71,153318934,64000000,2395.60834375
8,0,MIT-BIH:105:197:MLII,72,153318934,64000000,2395.60834375
8,0,MIT-BIH:105:197:MLII,73,153318934,64000000,2395.60834375
8,0,MIT-BIH:105:197:MLII,74,153318934,64000000,2395.60834375
8,0,MIT-BIH:105:197:MLII,75,153318934,64000000,2395.60834375
8,0,MIT-BIH:105:197:MLII,76,153318934,64000000,2395.60834375
8,0,MIT-BIH:105:197:MLII,77,153318934,64000000,2395.60834375
8,0,MIT-BIH:105:197:MLII,78,153318934,64000000,2395.60834375
8,0,MIT-BIH:105:197:MLII,79,153318934,64000000,2395.60834375
8,0,MIT-BIH:105:197:MLII,80,153318934,64000000,2395.60834375
8,0,MIT-BIH:105:197:MLII,81,153318934,64000000,2395.60834375
8,0,MIT-BIH:105:197:MLII,82,153318934,64000000,2395.60834375
8,0,MIT-BIH:105:197:MLII,83,153318934,64000000,2395.60834375
8,0,MIT-BIH:105:197:MLII,84,153318934,64000000,2395.60834375
8,0,MIT-BIH:105:197:MLII,85,153318934,64000000,2395.60834375
8,0,MIT-BIH:105:197:MLII,86,153318934,64000000,2395.60834375
8,0,MIT-BIH:105:197:MLII,87,153318934,64000000,2395.60834375
8,0,MIT-BIH:105:197:MLII,88,153318934,64000000,2395.60834375
8,0,MIT-BIH:105:197:MLII,89,153318934,64000000,2395.60834375
8,0,MIT-BIH:105:197:MLII,90,153318934,64000000,2395.60834375
8,0,MIT-BIH:105:197:MLII,91,153318934,64000000,2395.60834375
8,0,MIT-BIH:105:197:MLII,92,153318934,64000000,2395.60834375
8,0,MIT-BIH:105:197:MLII,93,153318934,64000000,2395.60834375
8,0,MIT-BIH:105:197:MLII,94,153318934,64000000,2395.60834375
8,0,MIT-BIH:105:197:MLII,95,153318934,64000000,2395.60834375
8,0,MIT-BIH:105:197:MLII,96,153318934,64000000,2395.60834375
8,0,MIT-BIH:105:197:MLII,97,153318934,64000000,2395.60834375
8,0,MIT-BIH:105:197:MLII,98,153318934,64000000,2395.60834375
8,0,MIT-BIH:105:197:MLII,99,153318934,64000000,2395.60834375
9,0,MIT-BIH:105:197:MLII,0,154176773,64000000,2409.012078125
9,0,MIT-BIH:105:197:MLII,1,154176773,64000000,2409.012078125
9,0,MIT-BIH:105:197:MLII,2,154176773,64000000,2409.012078125
9,0,MIT-BIH:105:197:MLII,3,154176773,64000000,2409.012078125
9,0,MIT-BIH:105:197:MLII,4,154176773,64000000,2409.012078125
9,0,MIT-BIH:105:197:MLII,5,154176773,64000000,2409.012078125
9,0,MIT-BIH:105:197:MLII,6,154176773,64000000,2409.012078125
9,0,MIT-BIH:105:197:MLII,7,154176773,64000000,2409.012078125
9,0,MIT-BIH:105:197:MLII,8,154176773,64000000,2409.012078125
9,0,MIT-BIH:105:197:MLII,9,154176773,64000000,2409.012078125
9,0,MIT-BIH:105:197:MLII,10,154176773,64000000,2409.012078125
9,0,MIT-BIH:105:197:MLII,11,154176773,64000000,2409.012078125
9,0,MIT-BIH:105:197:MLII,12,154176773,64000000,2409.012078125
9,0,MIT-BIH:105:197:MLII,13,154176773,64000000,2409.012078125
9,0,MIT-BIH:105:197:MLII,14,154176773,64000000,2409.012078125
9,0,MIT-BIH:105:197:MLII,15,154176773,64000000,2409.012078125
9,0,MIT-BIH:105:197:MLII,16,154176773,64000000,2409.012078125
9,0,MIT-BIH:105:197:MLII,17,154176773,64000000,2409.012078125
9,0,MIT-BIH:105:197:MLII,18,154176773,64000000,2409.012078125
9,0,MIT-BIH:105:197:MLII,19,154176773,64000000,2409.012078125
9,0,MIT-BIH:105:197:MLII,20,154176773,64000000,2409.012078125
9,0,MIT-BIH:105:197:MLII,21,154176773,64000000,2409.012078125
9,0,MIT-BIH:105:197:MLII,22,154176773,64000000,2409.012078125
9,0,MIT-BIH:105:197:MLII,23,154176773,64000000,2409.012078125
9,0,MIT-BIH:105:197:MLII,24,154176773,64000000,2409.012078125
9,0,MIT-BIH:105:197:MLII,25,154176773,64000000,2409.012078125
9,0,MIT-BIH:105:197:MLII,26,154176773,64000000,2409.012078125
9,0,MIT-BIH:105:197:MLII,27,154176773,64000000,2409.012078125
9,0,MIT-BIH:105:197:MLII,28,154176773,64000000,2409.012078125
9,0,MIT-BIH:105:197:MLII,29,154176773,64000000,2409.012078125
9,0,MIT-BIH:105:197:MLII,30,154176773,64000000,2409.012078125
9,0,MIT-BIH:105:197:MLII,31,154176773,64000000,2409.012078125
9,0,MIT-BIH:105:197:MLII,32,154176773,64000000,2409.012078125
9,0,MIT-BIH:105:197:MLII,33,154176773,64000000,2409.012078125
9,0,MIT-BIH:105:197:MLII,34,154176773,64000000,2409.012078125
9,0,MIT-BIH:105:197:MLII,35,154176773,64000000,2409.012078125
9,0,MIT-BIH:105:197:MLII,36,154176773,64000000,2409.012078125
9,0,MIT-BIH:105:197:MLII,37,154176773,64000000,2409.012078125
9,0,MIT-BIH:105:197:MLII,38,154176773,64000000,2409.012078125
9,0,MIT-BIH:105:197:MLII,39,154176773,64000000,2409.012078125
9,0,MIT-BIH:105:197:MLII,40,154176773,64000000,2409.012078125
9,0,MIT-BIH:105:197:MLII,41,154176773,64000000,2409.012078125
9,0,MIT-BIH:105:197:MLII,42,154176773,64000000,2409.012078125
9,0,MIT-BIH:105:197:MLII,43,154176773,64000000,2409.012078125
9,0,MIT-BIH:105:197:MLII,44,154176773,64000000,2409.012078125
9,0,MIT-BIH:105:197:MLII,45,154176773,64000000,2409.012078125
9,0,MIT-BIH:105:197:MLII,46,154176773,64000000,2409.012078125
9,0,MIT-BIH:105:197:MLII,47,154176773,64000000,2409.012078125
9,0,MIT-BIH:105:197:MLII,48,154176773,64000000,2409.012078125
9,0,MIT-BIH:105:197:MLII,49,154176773,64000000,2409.012078125
9,0,MIT-BIH:105:197:MLII,50,154176773,64000000,2409.012078125
9,0,MIT-BIH:105:197:MLII,51,154176773,64000000,2409.012078125
9,0,MIT-BIH:105:197:MLII,52,154176773,64000000,2409.012078125
9,0,MIT-BIH:105:197:MLII,53,154176773,64000000,2409.012078125
9,0,MIT-BIH:105:197:MLII,54,154176773,64000000,2409.012078125
9,0,MIT-BIH:105:197:MLII,55,154176773,64000000,2409.012078125
9,0,MIT-BIH:105:197:MLII,56,154176773,64000000,2409.012078125
9,0,MIT-BIH:105:197:MLII,57,154176773,64000000,2409.012078125
9,0,MIT-BIH:105:197:MLII,58,154176773,64000000,2409.012078125
9,0,MIT-BIH:105:197:MLII,59,154176773,64000000,2409.012078125
9,0,MIT-BIH:105:197:MLII,60,154176773,64000000,2409.012078125
9,0,MIT-BIH:105:197:MLII,61,154176773,64000000,2409.012078125
9,0,MIT-BIH:105:197:MLII,62,154176773,64000000,2409.012078125
9,0,MIT-BIH:105:197:MLII,63,154176773,64000000,2409.012078125
9,0,MIT-BIH:105:197:MLII,64,154176773,64000000,2409.012078125
9,0,MIT-BIH:105:197:MLII,65,154176773,64000000,2409.012078125
9,0,MIT-BIH:105:197:MLII,66,154176773,64000000,2409.012078125
9,0,MIT-BIH:105:197:MLII,67,154176773,64000000,2409.012078125
9,0,MIT-BIH:105:197:MLII,68,154176773,64000000,2409.012078125
9,0,MIT-BIH:105:197:MLII,69,154176773,64000000,2409.012078125
9,0,MIT-BIH:105:197:MLII,70,154176773,64000000,2409.012078125
9,0,MIT-BIH:105:197:MLII,71,154176773,64000000,2409.012078125
9,0,MIT-BIH:105:197:MLII,72,154176773,64000000,2409.012078125
9,0,MIT-BIH:105:197:MLII,73,154176773,64000000,2409.012078125
9,0,MIT-BIH:105:197:MLII,74,154176773,64000000,2409.012078125
9,0,MIT-BIH:105:197:MLII,75,154176773,64000000,2409.012078125
9,0,MIT-BIH:105:197:MLII,76,154176773,64000000,2409.012078125
9,0,MIT-BIH:105:197:MLII,77,154176773,64000000,2409.012078125
9,0,MIT-BIH:105:197:MLII,78,154176773,64000000,2409.012078125
9,0,MIT-BIH:105:197:MLII,79,154176773,64000000,2409.012078125
9,0,MIT-BIH:105:197:MLII,80,154176773,64000000,2409.012078125
9,0,MIT-BIH:105:197:MLII,81,154176773,64000000,2409.012078125
9,0,MIT-BIH:105:197:MLII,82,154176773,64000000,2409.012078125
9,0,MIT-BIH:105:197:MLII,83,154176773,64000000,2409.012078125
9,0,MIT-BIH:105:197:MLII,84,154176773,64000000,2409.012078125
9,0,MIT-BIH:105:197:MLII,85,154176773,64000000,2409.012078125
9,0,MIT-BIH:105:197:MLII,86,154176773,64000000,2409.012078125
9,0,MIT-BIH:105:197:MLII,87,154176773,64000000,2409.012078125
9,0,MIT-BIH:105:197:MLII,88,154176773,64000000,2409.012078125
9,0,MIT-BIH:105:197:MLII,89,154176773,64000000,2409.012078125
9,0,MIT-BIH:105:197:MLII,90,154176773,64000000,2409.012078125
9,0,MIT-BIH:105:197:MLII,91,154176773,64000000,2409.012078125
9,0,MIT-BIH:105:197:MLII,92,154176773,64000000,2409.012078125
9,0,MIT-BIH:105:197:MLII,93,154176773,64000000,2409.012078125
9,0,MIT-BIH:105:197:MLII,94,154176773,64000000,2409.012078125
9,0,MIT-BIH:105:197:MLII,95,154176773,64000000,2409.012078125
9,0,MIT-BIH:105:197:MLII,96,154176773,64000000,2409.012078125
9,0,MIT-BIH:105:197:MLII,97,154176773,64000000,2409.012078125
9,0,MIT-BIH:105:197:MLII,98,154176773,64000000,2409.012078125
9,0,MIT-BIH:105:197:MLII,99,154176773,64000000,2409.012078125
10,0,MIT-BIH:105:197:MLII,0,154180043,64000000,2409.063171875
10,0,MIT-BIH:105:197:MLII,1,154180043,64000000,2409.063171875
10,0,MIT-BIH:105:197:MLII,2,154180043,64000000,2409.063171875
10,0,MIT-BIH:105:197:MLII,3,154180043,64000000,2409.063171875
10,0,MIT-BIH:105:197:MLII,4,154180043,64000000,2409.063171875
10,0,MIT-BIH:105:197:MLII,5,154180043,64000000,2409.063171875
10,0,MIT-BIH:105:197:MLII,6,154180043,64000000,2409.063171875
10,0,MIT-BIH:105:197:MLII,7,154180043,64000000,2409.063171875
10,0,MIT-BIH:105:197:MLII,8,154180043,64000000,2409.063171875
10,0,MIT-BIH:105:197:MLII,9,154180043,64000000,2409.063171875
10,0,MIT-BIH:105:197:MLII,10,154180043,64000000,2409.063171875
10,0,MIT-BIH:105:197:MLII,11,154180043,64000000,2409.063171875
10,0,MIT-BIH:105:197:MLII,12,154180043,64000000,2409.063171875
10,0,MIT-BIH:105:197:MLII,13,154180043,64000000,2409.063171875
10,0,MIT-BIH:105:197:MLII,14,154180043,64000000,2409.063171875
10,0,MIT-BIH:105:197:MLII,15,154180043,64000000,2409.063171875
10,0,MIT-BIH:105:197:MLII,16,154180043,64000000,2409.063171875
10,0,MIT-BIH:105:197:MLII,17,154180043,64000000,2409.063171875
10,0,MIT-BIH:105:197:MLII,18,154180043,64000000,2409.063171875
10,0,MIT-BIH:105:197:MLII,19,154180043,64000000,2409.063171875
10,0,MIT-BIH:105:197:MLII,20,154180043,64000000,2409.063171875
10,0,MIT-BIH:105:197:MLII,21,154180043,64000000,2409.063171875
10,0,MIT-BIH:105:197:MLII,22,154180043,64000000,2409.063171875
10,0,MIT-BIH:105:197:MLII,23,154180043,64000000,2409.063171875
10,0,MIT-BIH:105:197:MLII,24,154180043,64000000,2409.063171875
10,0,MIT-BIH:105:197:MLII,25,154180043,64000000,2409.063171875
10,0,MIT-BIH:105:197:MLII,26,154180043,64000000,2409.063171875
10,0,MIT-BIH:105:197:MLII,27,154180043,64000000,2409.063171875
10,0,MIT-BIH:105:197:MLII,28,154180043,64000000,2409.063171875
10,0,MIT-BIH:105:197:MLII,29,154180043,64000000,2409.063171875
10,0,MIT-BIH:105:197:MLII,30,154180043,64000000,2409.063171875
10,0,MIT-BIH:105:197:MLII,31,154180043,64000000,2409.063171875
10,0,MIT-BIH:105:197:MLII,32,154180043,64000000,2409.063171875
10,0,MIT-BIH:105:197:MLII,33,154180043,64000000,2409.063171875
10,0,MIT-BIH:105:197:MLII,34,154180043,64000000,2409.063171875
10,0,MIT-BIH:105:197:MLII,35,154180043,64000000,2409.063171875
10,0,MIT-BIH:105:197:MLII,36,154180043,64000000,2409.063171875
10,0,MIT-BIH:105:197:MLII,37,154180043,64000000,2409.063171875
10,0,MIT-BIH:105:197:MLII,38,154180043,64000000,2409.063171875
10,0,MIT-BIH:105:197:MLII,39,154180043,64000000,2409.063171875
10,0,MIT-BIH:105:197:MLII,40,154180043,64000000,2409.063171875
10,0,MIT-BIH:105:197:MLII,41,154180043,64000000,2409.063171875
10,0,MIT-BIH:105:197:MLII,42,154180043,64000000,2409.063171875
10,0,MIT-BIH:105:197:MLII,43,154180043,64000000,2409.063171875
10,0,MIT-BIH:105:197:MLII,44,154180043,64000000,2409.063171875
10,0,MIT-BIH:105:197:MLII,45,154180043,64000000,2409.063171875
10,0,MIT-BIH:105:197:MLII,46,154180043,64000000,2409.063171875
10,0,MIT-BIH:105:197:MLII,47,154180043,64000000,2409.063171875
10,0,MIT-BIH:105:197:MLII,48,154180043,64000000,2409.063171875
10,0,MIT-BIH:105:197:MLII,49,154180043,64000000,2409.063171875
10,0,MIT-BIH:105:197:MLII,50,154180043,64000000,2409.063171875
10,0,MIT-BIH:105:197:MLII,51,154180043,64000000,2409.063171875
10,0,MIT-BIH:105:197:MLII,52,154180043,64000000,2409.063171875
10,0,MIT-BIH:105:197:MLII,53,154180043,64000000,2409.063171875
10,0,MIT-BIH:105:197:MLII,54,154180043,64000000,2409.063171875
10,0,MIT-BIH:105:197:MLII,55,154180043,64000000,2409.063171875
10,0,MIT-BIH:105:197:MLII,56,154180043,64000000,2409.063171875
10,0,MIT-BIH:105:197:MLII,57,154180043,64000000,2409.063171875
10,0,MIT-BIH:105:197:MLII,58,154180043,64000000,2409.063171875
10,0,MIT-BIH:105:197:MLII,59,154180043,64000000,2409.063171875
10,0,MIT-BIH:105:197:MLII,60,154180043,64000000,2409.063171875
10,0,MIT-BIH:105:197:MLII,61,154180043,64000000,2409.063171875
10,0,MIT-BIH:105:197:MLII,62,154180043,64000000,2409.063171875
10,0,MIT-BIH:105:197:MLII,63,154180043,64000000,2409.063171875
10,0,MIT-BIH:105:197:MLII,64,154180043,64000000,2409.063171875
10,0,MIT-BIH:105:197:MLII,65,154180043,64000000,2409.063171875
10,0,MIT-BIH:105:197:MLII,66,154180043,64000000,2409.063171875
10,0,MIT-BIH:105:197:MLII,67,154180043,64000000,2409.063171875
10,0,MIT-BIH:105:197:MLII,68,154180043,64000000,2409.063171875
10,0,MIT-BIH:105:197:MLII,69,154180043,64000000,2409.063171875
10,0,MIT-BIH:105:197:MLII,70,154180043,64000000,2409.063171875
10,0,MIT-BIH:105:197:MLII,71,154180043,64000000,2409.063171875
10,0,MIT-BIH:105:197:MLII,72,154180043,64000000,2409.063171875
10,0,MIT-BIH:105:197:MLII,73,154180043,64000000,2409.063171875
10,0,MIT-BIH:105:197:MLII,74,154180043,64000000,2409.063171875
10,0,MIT-BIH:105:197:MLII,75,154180043,64000000,2409.063171875
10,0,MIT-BIH:105:197:MLII,76,154180043,64000000,2409.063171875
10,0,MIT-BIH:105:197:MLII,77,154180043,64000000,2409.063171875
10,0,MIT-BIH:105:197:MLII,78,154180043,64000000,2409.063171875
10,0,MIT-BIH:105:197:MLII,79,154180043,64000000,2409.063171875
10,0,MIT-BIH:105:197:MLII,80,154180043,64000000,2409.063171875
10,0,MIT-BIH:105:197:MLII,81,154180043,64000000,2409.063171875
10,0,MIT-BIH:105:197:MLII,82,154180043,64000000,2409.063171875
10,0,MIT-BIH:105:197:MLII,83,154180043,64000000,2409.063171875
10,0,MIT-BIH:105:197:MLII,84,154180043,64000000,2409.063171875
10,0,MIT-BIH:105:197:MLII,85,154180043,64000000,2409.063171875
10,0,MIT-BIH:105:197:MLII,86,154180043,64000000,2409.063171875
10,0,MIT-BIH:105:197:MLII,87,154180043,64000000,2409.063171875
10,0,MIT-BIH:105:197:MLII,88,154180043,64000000,2409.063171875
10,0,MIT-BIH:105:197:MLII,89,154180043,64000000,2409.063171875
10,0,MIT-BIH:105:197:MLII,90,154180043,64000000,2409.063171875
10,0,MIT-BIH:105:197:MLII,91,154180043,64000000,2409.063171875
10,0,MIT-BIH:105:197:MLII,92,154180043,64000000,2409.063171875
10,0,MIT-BIH:105:197:MLII,93,154180043,64000000,2409.063171875
10,0,MIT-BIH:105:197:MLII,94,154180043,64000000,2409.063171875
10,0,MIT-BIH:105:197:MLII,95,154180043,64000000,2409.063171875
10,0,MIT-BIH:105:197:MLII,96,154180043,64000000,2409.063171875
10,0,MIT-BIH:105:197:MLII,97,154180043,64000000,2409.063171875
10,0,MIT-BIH:105:197:MLII,98,154180043,64000000,2409.063171875
10,0,MIT-BIH:105:197:MLII,99,154180043,64000000,2409.063171875
