s,boundary_name,head_last_op,tail_first_op,shape,dtype,layout,numel_per_sample,bytes_fp32,kib_fp32,bytes_int8_estimated,kib_int8_estimated
0,normalized_model_input (identity head),,features.0,1x1x360,float32,NCL,360,1440,1.40625,360,0.3515625
1,features.1,features.1,features.2,1x16x360,float32,NCL,5760,23040,22.5,5760,5.625
2,features.4,features.4,features.5,1x16x180,float32,NCL,2880,11520,11.25,2880,2.8125
3,features.6,features.6,features.7,1x32x180,float32,NCL,5760,23040,22.5,5760,5.625
4,features.9,features.9,features.10,1x32x90,float32,NCL,2880,11520,11.25,2880,2.8125
5,features.11,features.11,features.12,1x48x90,float32,NCL,4320,17280,16.875,4320,4.21875
6,features.14,features.14,features.15,1x48x45,float32,NCL,2160,8640,8.4375,2160,2.109375
7,features.16,features.16,features.17,1x64x45,float32,NCL,2880,11520,11.25,2880,2.8125
8,features.19,features.19,classifier.0,1x64x22,float32,NCL,1408,5632,5.5,1408,1.375
9,classifier.3,classifier.3,classifier.4,1x32,float32,NC,32,128,0.125,32,0.03125
10,classifier.4,classifier.4,,1x5,float32,NC,5,20,0.01953125,5,0.0048828125
