split_point_s,num_samples,correct_fp32,correct_int8_fp16,accuracy_fp32_percent,accuracy_int8_fp16_percent,accuracy_drop_pp,prediction_disagreements
0,8544,8393,8391,98.23267790262172,98.20926966292134,0.0234082397003732,10
1,8544,8393,8390,98.23267790262172,98.19756554307116,0.035112359550552696,5
2,8544,8393,8391,98.23267790262172,98.20926966292134,0.0234082397003732,6
3,8544,8393,8392,98.23267790262172,98.22097378277154,0.011704119850179495,3
4,8544,8393,8393,98.23267790262172,98.23267790262172,0.0,4
5,8544,8393,8395,98.23267790262172,98.2560861423221,-0.023408239700387412,4
6,8544,8393,8388,98.23267790262172,98.17415730337079,0.0585205992509259,5
7,8544,8393,8391,98.23267790262172,98.20926966292134,0.0234082397003732,2
8,8544,8393,8391,98.23267790262172,98.20926966292134,0.0234082397003732,2
9,8544,8393,8393,98.23267790262172,98.23267790262172,0.0,0
10,8544,8393,8393,98.23267790262172,98.23267790262172,0.0,0
